date,open,high,low,close,volume
2020-01-06,815000,844900,813500,841539,
2020-01-07,841539,888759,839000,883413,
2020-01-08,882100,914564,859770,877290,
2020-01-09,877290,877947,848000,854944,
2020-01-10,854944,895859,840010,895000,
2020-01-11,895000,902444,874501,875808,
2020-01-12,875339,892959,870500,892350,
2020-01-13,893000,893620,881900,887538,
2020-01-14,887538,970000,887400,965570,
2020-01-15,965570,975000,939000,964324,
2020-01-16,964324,968750,943000,958730,
2020-01-17,958730,990001,954290,980172,
2020-01-18,980172,987152,970996,981000,
2020-01-19,981000,1009500,940000,957977,
2020-01-20,957880,961898,938020,950811,
2020-01-21,950811,960000,933333,957629,
2020-01-22,957629,967075,943000,950633,
2020-01-23,950633,951950,906220,918822,
2020-01-24,918822,931120,901240,921808,
2020-01-25,921808,922390,903636,911012,
2020-01-26,911000,938745,907000,935530,
2020-01-27,936240,978949,935310,969060,
2020-01-28,969060,1023558,969060,1022498,
2020-01-29,1022498,1025267,1006500,1011955,
2020-01-30,1011955,1036478,1001346,1031610,
2020-01-31,1031610,1032279,1003000,1013000,
2020-02-01,1013273,1023948,1007302,1015630,
2020-02-02,1015630,1025000,995050,1010417,
2020-02-03,1010175,1040000,1003606,1008555,
2020-02-04,1008820,1015000,991660,1003300,
2020-02-05,1003300,1068940,1001211,1053671,
2020-02-06,1053671,1083148,1046690,1070900,
2020-02-07,1070910,1083970,1067450,1076391,
2020-02-08,1076199,1090499,1061000,1086240,
2020-02-09,1086240,1113500,1085400,1110989,
2020-02-10,1110975,1116500,1073000,1081510,
2020-02-11,1081510,1133333,1066002,1123524,
2020-02-12,1123524,1149999,1123524,1136950,
2020-02-13,1136950,1150408,1106170,1124591,
2020-02-14,1124591,1139700,1110166,1137555,
2020-02-15,1137555,1140467,1080430,1087798,
2020-02-16,1087798,1104590,1066000,1091898,
2020-02-17,1091360,1099200,1042270,1066553,
2020-02-18,1066850,1129629,1055815,1118700,
2020-02-19,1118807,1141950,1054000,1068393,
2020-02-20,1067343,1085000,1052610,1076399,
2020-02-21,1075610,1093579,1072470,1082615,
2020-02-22,1082615,1085398,1069285,1078573,
2020-02-23,1078573,1115555,1078000,1111020,
2020-02-24,1111020,1117210,1050000,1071701,
2020-02-25,1071701,1072942,1020000,1027477,
2020-02-26,1027477,1033310,955000,969750,
2020-02-27,970306,987900,938765,965988,
2020-02-28,965988,973740,917640,941169,
2020-02-29,941169,951989,923170,923474,
2020-03-01,923395,946998,915130,921118,
2020-03-02,920400,973530,917281,968732,
2020-03-03,968732,969894,931421,938769,
2020-03-04,938769,953477,932778,944324,
2020-03-05,944324,979510,944324,963345,
2020-03-06,963433,970922,952850,966010,
2020-03-07,966010,971859,935717,940979,
2020-03-08,940979,940979,835490,837969,
2020-03-09,837484,852920,784400,820200,
2020-03-10,820583,857021,805272,830836,
2020-03-11,831329,838730,797280,832286,
2020-03-12,832286,835000,602121,651501,
2020-03-14,590532,602557,555000,565780,
2020-03-15,565722,643017,559983,582228,
2020-03-16,582013,582781,507474,547089,
2020-03-17,547160,601010,535794,579625,
2020-03-18,579625,589000,546370,588404,
2020-03-19,588404,716112,576470,693340,
2020-03-20,692529,763284,644436,692303,
2020-03-21,690005,715365,656211,688593,
2020-03-22,688958,711297,644493,646960,
2020-03-23,647261,725490,635574,720678,
2020-03-24,719267,758281,706009,753110,
2020-03-25,752500,776066,722620,741996,
2020-03-26,741720,752853,717570,738263,
2020-03-27,737681,749229,683311,691089,
2020-03-28,690539,690999,658938,677603,
2020-03-29,677000,679311,634529,634529,
2020-03-30,634168,714000,632736,692610,
2020-03-31,693221,709000,689757,692067,
2020-04-01,691824,717947,663000,714000,
2020-04-02,714987,777777,707546,736000,
2020-04-03,735176,765000,718890,732857,
2020-04-04,732900,756448,725802,745621,
2020-04-05,746176,749000,727004,737152,
2020-04-06,737468,801508,737043,801098,
2020-04-07,801357,813938,772756,784725,
2020-04-08,784414,808888,778748,803380,
2020-04-09,803139,804350,777777,794061,
2020-04-10,793267,794502,735500,747000,
2020-04-11,746887,757646,737500,749585,
2020-04-12,749585,784000,739552,751793,
2020-04-13,751793,751793,717400,739995,
2020-04-14,739986,749995,730932,738217,
2020-04-15,738259,744500,711529,714045,
2020-04-16,713829,777600,700000,768483,
2020-04-17,768443,772398,753459,757810,
2020-04-18,758043,784380,756789,781404,
2020-04-19,781254,782935,761633,768580,
2020-04-20,768200,779706,730205,737871,
2020-04-21,738350,750719,732463,740348,
2020-04-22,740881,773360,738000,768995,
2020-04-23,764668,826000,764482,804985,
2020-04-24,805725,820000,798000,808353,
2020-04-25,808353,826520,802196,813203,
2020-04-26,813011,829880,811118,828117,
2020-04-27,828940,838502,821172,836500,
2020-04-28,836500,837020,824381,830151,
2020-04-29,829395,959174,825413,937254,
2020-04-30,937577,1008297,900925,927277,
2020-05-01,926749,971767,926000,945637,
2020-05-02,946265,966172,940080,962404,
2020-05-03,962121,983500,937802,952702,
2020-05-04,952856,958320,913571,950000,
2020-05-05,949894,972550,940972,963000,
2020-05-06,962100,997050,950903,975230,
2020-05-07,974518,1071753,964114,1064297,
2020-05-08,1065810,1069746,1036450,1048501,
2020-05-09,1048000,1057963,1016500,1017060,
2020-05-10,1017000,1019999,880195,936513,
2020-05-11,934350,984687,885038,927242,
2020-05-12,922489,963600,920739,946524,
2020-05-13,945875,1007613,944270,996140,
2020-05-14,997533,1062990,992000,1050665,
2020-05-15,1051000,1056043,980622,996806,
2020-05-16,996901,1027258,987521,1005160,
2020-05-17,1005016,1057274,1000014,1037658,
2020-05-18,1037658,1065000,1021597,1043612,
2020-05-19,1044362,1063896,1018850,1054445,
2020-05-20,1053361,1059000,1003897,1025000,
2020-05-21,1025000,1031216,950004,974241,
2020-05-22,977238,997048,962054,988618,
2020-05-23,988518,1004650,980002,988442,
2020-05-24,988442,1002393,941904,942585,
2020-05-25,941326,968184,935333,960276,
2020-05-26,960276,971663,938000,951500,
2020-05-27,951651,993408,949044,991666,
2020-05-28,992287,1034800,982500,1030567,
2020-05-29,1031382,1033649,1002501,1016043,
2020-05-30,1016000,1047454,1007500,1044100,
2020-05-31,1044454,1044888,1013201,1018411,
2020-06-01,1017708,1104484,1014541,1096542,
2020-06-02,1096014,1103500,1016000,1037492,
2020-06-03,1036500,1055392,1024058,1054000,
2020-06-04,1054000,1076999,1031001,1068556,
2020-06-05,1068556,1076510,1050883,1055001,
2020-06-06,1055001,1066674,1045000,1060890,
2020-06-07,1060890,1073500,1034063,1068671,
2020-06-08,1068671,1072000,1048789,1061999,
2020-06-09,1061999,1069997,1040213,1055000,
2020-06-10,1055683,1068000,1043124,1058435,
2020-06-11,1059006,1066207,977777,991979,
2020-06-12,991979,1027502,988888,1019130,
2020-06-13,1019130,1020339,1006675,1018635,
2020-06-14,1018635,1019630,996366,1002600,
2020-06-15,1002600,1019478,956000,1014726,
2020-06-16,1014726,1030900,1008498,1023100,
2020-06-17,1023100,1026394,990383,1012444,
2020-06-18,1012444,1015020,993531,1004324,
2020-06-19,1004324,1009599,988670,996198,
2020-06-20,996198,1005925,985000,1001500,
2020-06-21,1001500,1007940,992012,993100,
2020-06-22,993100,1044112,990581,1035188,
2020-06-23,1035188,1039922,1021870,1024910,
2020-06-24,1024910,1030569,985259,996110,
2020-06-25,996110,1001171,965280,991379,
2020-06-26,991379,997098,970000,983990,
2020-06-27,983990,988022,951200,969100,
2020-06-28,969100,988162,962500,978725,
2020-06-29,979187,993721,970500,989867,
2020-06-30,990150,992533,977904,987501,
2020-07-01,987501,999900,982423,992614,
2020-07-02,992614,997481,965320,979088,
2020-07-03,979088,983923,974236,976000,
2020-07-04,976000,989611,974239,983699,
2020-07-05,983699,984000,962739,977116,
2020-07-06,977116,1005000,976356,1003670,
2020-07-07,1003420,1006460,991324,996689,
2020-07-08,996682,1018000,994645,1012852,
2020-07-09,1012852,1013375,984180,991400,
2020-07-10,991400,996000,977666,993856,
2020-07-11,994063,994970,983623,988877,
2020-07-12,988877,998300,981320,994403,
2020-07-13,994403,1000700,988544,991999,
2020-07-14,991999,995162,981998,992629,
2020-07-15,992629,994611,982034,984953,
2020-07-16,984953,987838,970378,981001,
2020-07-17,981001,986118,975800,981400,
2020-07-18,981400,986765,979000,983008,
2020-07-19,983008,988480,977534,987320,
2020-07-20,987709,988515,981300,983258,
2020-07-21,983258,1010600,982666,1003851,
2020-07-22,1003851,1025255,995631,1021745,
2020-07-23,1021745,1028000,1015000,1027000,
2020-07-24,1026771,1026802,1007820,1014790,
2020-07-25,1014790,1034000,1013298,1030800,
2020-07-26,1030800,1074270,1025250,1052800,
2020-07-27,1052800,1196919,1052064,1161005,
2020-07-28,1161792,1183999,1114766,1148483,
2020-07-29,1148483,1189512,1141600,1167267,
2020-07-30,1167267,1170862,1143913,1162795,
2020-07-31,1162795,1214378,1148467,1201369,
2020-08-01,1201369,1258888,1190958,1253271,
2020-08-02,1253271,1286190,1163910,1174208,
2020-08-03,1174208,1219440,1165449,1192787,
2020-08-04,1192124,1212000,1174115,1184018,
2020-08-05,1184018,1245222,1176312,1241698,
2020-08-06,1241698,1257081,1223589,1244183,
2020-08-07,1244183,1257658,1205397,1232000,
2020-08-08,1232000,1252782,1225747,1248210,
2020-08-09,1247789,1250600,1224946,1238888,
2020-08-10,1238888,1276860,1231675,1261304,
2020-08-11,1261304,1266253,1190380,1216669,
2020-08-12,1216250,1243842,1196523,1237245,
2020-08-13,1237245,1260576,1207904,1260576,
2020-08-14,1260621,1266200,1244495,1256372,
2020-08-15,1256372,1276000,1255443,1264963,
2020-08-16,1264963,1271800,1251292,1269993,
2020-08-17,1269993,1320000,1256120,1305300,
2020-08-18,1305300,1311577,1255000,1261745,
2020-08-19,1261745,1266861,1229117,1249355,
2020-08-20,1249355,1258769,1241202,1254681,
2020-08-21,1254646,1257319,1218439,1222031,
2020-08-22,1222031,1238663,1205000,1237485,
2020-08-23,1237485,1240796,1222629,1235514,
2020-08-24,1235514,1251325,1228500,1246899,
2020-08-25,1246899,1248241,1187708,1208500,
2020-08-26,1208500,1222106,1199010,1216528,
2020-08-27,1216528,1226364,1190201,1209211,
2020-08-28,1210000,1219291,1204321,1215522,
2020-08-29,1215148,1222000,1209636,1213351,
2020-08-30,1212510,1238000,1212322,1237375,
2020-08-31,1237375,1250356,1228131,1238000,
2020-09-01,1238000,1276998,1227634,1264036,
2020-09-02,1264036,1266281,1196000,1214808,
2020-09-03,1213817,1218877,1072841,1080764,
2020-09-04,1081385,1132218,1073410,1116228,
2020-09-05,1116228,1125681,1052010,1081637,
2020-09-06,1081637,1102361,1066785,1093172,
2020-09-07,1093172,1106887,1053520,1104509,
2020-09-08,1104509,1110588,1047994,1074006,
2020-09-09,1074006,1098280,1059440,1087081,
2020-09-10,1087080,1112940,1086915,1099446,
2020-09-11,1099709,1105000,1086510,1103947,
2020-09-12,1103947,1113555,1093750,1110235,
2020-09-13,1110235,1123833,1088235,1098495,
2020-09-14,1098495,1137000,1090200,1129458,
2020-09-15,1129458,1153854,1125973,1138456,
2020-09-16,1138456,1164220,1126192,1152172,
2020-09-17,1152172,1160990,1126785,1147388,
2020-09-18,1146789,1152547,1132536,1144683,
2020-09-19,1144683,1166623,1141500,1159267,
2020-09-20,1159267,1159267,1129837,1142239,
2020-09-21,1142239,1148000,1081190,1091082,
2020-09-22,1091082,1110266,1085662,1106570,
2020-09-23,1106570,1108703,1070260,1078788,
2020-09-24,1078788,1137190,1075908,1132018,
2020-09-25,1132018,1136300,1114151,1129490,
2020-09-26,1129490,1140965,1126304,1134774,
2020-09-27,1134774,1141949,1120900,1138923,
2020-09-28,1138923,1155570,1127118,1128478,
2020-09-29,1128478,1147626,1125497,1146293,
2020-09-30,1146293,1147024,1127872,1137292,
2020-10-01,1137292,1151644,1106242,1122000,
2020-10-02,1121999,1126769,1094931,1114512,
2020-10-03,1114512,1117000,1107267,1112500,
2020-10-04,1112500,1128269,1110450,1127500,
2020-10-05,1127500,1141000,1122933,1141000,
2020-10-06,1141000,1141892,1113464,1121836,
2020-10-07,1121836,1132400,1116251,1131100,
2020-10-08,1131100,1158640,1118076,1157278,
2020-10-09,1157278,1175330,1148162,1168819,
2020-10-10,1168815,1209430,1168815,1193168,
2020-10-11,1192637,1206209,1191500,1200341,
2020-10-12,1200341,1234348,1184824,1215729,
2020-10-13,1215517,1218291,1194666,1204407,
2020-10-14,1204407,1213857,1188080,1200316,
2020-10-15,1200316,1220942,1189150,1212122,
2020-10-16,1212122,1215152,1182197,1194529,
2020-10-17,1194351,1201478,1189504,1197535,
2020-10-18,1196998,1213727,1196385,1213557,
2020-10-19,1213571,1243757,1203001,1237405,
2020-10-20,1237405,1269123,1233500,1256584,
2020-10-21,1256584,1382387,1254500,1340410,
2020-10-22,1340410,1380290,1326978,1357938,
2020-10-23,1357938,1364440,1336000,1354399,
2020-10-24,1354278,1376005,1349000,1371544,
2020-10-25,1371544,1395000,1352347,1364513,
2020-10-26,1364513,1388224,1343000,1369830,
2020-10-27,1369830,1440001,1368074,1425690,
2020-10-28,1425690,1444640,1348785,1387544,
2020-10-29,1387544,1427000,1354629,1406387,
2020-10-30,1406387,1429340,1372440,1419400,
2020-10-31,1419400,1468484,1405499,1444796,
2020-11-01,1444181,1454199,1429097,1440440,
2020-11-02,1441000,1449069,1387250,1420894,
2020-11-03,1420893,1469352,1394847,1464000,
2020-11-04,1464000,1488484,1424049,1477239,
2020-11-05,1477239,1633971,1470544,1618413,
2020-11-06,1618520,1658298,1572425,1610001,
2020-11-07,1611191,1626939,1484933,1533211,
2020-11-08,1533354,1617499,1522744,1598834,
2020-11-09,1598834,1643137,1570055,1611570,
2020-11-10,1611928,1625375,1590560,1610899,
2020-11-11,1610899,1675000,1608376,1654168,
2020-11-12,1654168,1715753,1635601,1712447,
2020-11-13,1712114,1730809,1673599,1709518,
2020-11-14,1709518,1709518,1651012,1685924,
2020-11-15,1685924,1690000,1654814,1672023,
2020-11-16,1672849,1763369,1664441,1747522,
2020-11-17,1747522,1859614,1731889,1841189,
2020-11-18,1841189,1925535,1792758,1848331,
2020-11-19,1848331,1888590,1809622,1849940,
2020-11-20,1849940,1951512,1845000,1939507,
2020-11-21,1939124,1971962,1917522,1945098,
2020-11-22,1945098,1948590,1830358,1912616,
2020-11-23,1911568,1942300,1867656,1914938,
2020-11-24,1914000,1987827,1884864,1960390,
2020-11-25,1960390,1995655,1937000,1952334,
2020-11-26,1953000,1970382,1698047,1788077,
2020-11-27,1788077,1817801,1715000,1784100,
2020-11-28,1784100,1861000,1758716,1846869,
2020-11-29,1846869,1905200,1828100,1893175,
2020-11-30,1893175,2057871,1893175,2045665,
2020-12-01,2045665,2075000,1896001,1960119,
2020-12-02,1960119,2019939,1915910,2005987,
2020-12-03,2005987,2030500,1975675,2018000,
2020-12-04,2018000,2025145,1940000,1947001,
2020-12-05,1947001,1999224,1932135,1995555,
2020-12-06,1995555,2020201,1971736,2017360,
2020-12-07,2017360,2022050,1971969,1997150,
2020-12-08,1997150,2006999,1901208,1911000,
2020-12-09,1911000,1946810,1839123,1936500,
2020-12-10,1936500,1937396,1868360,1899694,
2020-12-11,1899694,1902952,1831992,1875668,
2020-12-12,1875668,1966527,1875668,1957880,
2020-12-13,1957880,2013654,1947898,1988187,
2020-12-14,1988187,2007500,1975481,1999890,
2020-12-15,2000099,2030000,1986380,2011544,
2020-12-16,2011544,2221929,2000436,2205000,
2020-12-17,2204169,2454487,2198774,2347031,
2020-12-18,2345936,2400687,2314444,2384389,
2020-12-19,2384389,2492063,2356232,2463470,
2020-12-20,2463470,2497999,2387990,2431406,
2020-12-21,2430772,2488093,2288071,2351534,
2020-12-22,2352054,2465008,2316844,2463800,
2020-12-23,2464727,2484683,2348531,2404487,
2020-12-24,2402890,2462164,2353628,2456106,
2020-12-25,2455575,2552295,2425230,2550404,
2020-12-26,2549805,2774619,2535476,2744500,
2020-12-27,2744909,2942958,2671023,2720240,
2020-12-28,2720240,2838169,2708200,2805000,
2020-12-29,2805138,2829790,2691402,2827954,
2020-12-30,2827970,2967106,2827970,2958167,
2020-12-31,2957123,2995000,2868835,2968795,
2021-01-01,2968795,3032000,2955556,3010800,
2021-01-02,3010042,3402000,2988000,3317996,
2021-01-03,3318029,3582665,3299934,3408276,
2021-01-04,3410000,3463749,2887090,3292693,
2021-01-05,3292693,3499990,3085351,3470021,
2021-01-06,3470021,3804372,3407410,3794965,
2021-01-07,3794001,4184604,3749352,4101108,
2021-01-08,4101108,4342055,3802000,4225304,
2021-01-09,4225266,4291000,4036286,4186509,
2021-01-10,4186509,4298693,3660050,3979170,
2021-01-11,3975000,3979255,3087389,3694473,
2021-01-12,3691706,3802415,3391124,3530466,
2021-01-13,3528567,3914704,3359460,3882383,
2021-01-14,3882383,4162760,3830000,4063030,
2021-01-15,4063031,4118358,3572600,3818830,
2021-01-16,3820074,3936735,3691780,3742517,
2021-01-17,3742517,3812689,3515471,3718340,
2021-01-18,3717500,3878300,3607559,3800000,
2021-01-19,3800000,3925045,3736570,3736570,
2021-01-20,3733460,3782686,3479126,3684869,
2021-01-21,3683531,3692707,3111124,3184433,
2021-01-22,3184429,3511163,2972018,3423812,
2021-01-23,3423811,3471998,3263081,3332124,
2021-01-24,3332124,3430000,3219064,3350424,
2021-01-25,3350424,3618839,3319149,3353886,
2021-01-26,3352232,3405550,3203424,3363982,
2021-01-27,3363982,3371527,3057000,3169444,
2021-01-28,3167896,3520000,3125196,3479050,
2021-01-29,3480542,3991270,3331660,3576069,
2021-01-30,3576069,3637607,3436827,3579626,
2021-01-31,3579626,3586441,3362208,3456656,
2021-02-01,3456656,3603000,3378955,3486653,
2021-02-02,3485976,3743000,3478159,3710745,
2021-02-03,3712619,3933826,3702680,3933826,
2021-02-04,3932798,4059106,3810000,3866243,
2021-02-05,4016030,4037871,3930000,4036257,
2021-02-06,4036260,4297859,4025527,4131000,
2021-02-07,4131757,4175550,3937700,4092086,
2021-02-08,4097000,4883796,4020368,4875000,
2021-02-09,4875000,5034204,4715000,4874233,
2021-02-10,4874233,4950520,4596274,4702444,
2021-02-11,4704412,5080000,4617568,5015560,
2021-02-12,5014707,5099996,4877001,4973709,
2021-02-13,4972983,5040456,4900997,4954980,
2021-02-14,4957394,5195000,4949415,5111984,
2021-02-15,5111984,5153000,4865571,5055269,
2021-02-16,5055269,5274099,4968222,5207275,
2021-02-17,5206161,5559597,5197128,5526975,
2021-02-18,5526975,5555000,5388372,5456000,
2021-02-19,5456000,5952626,5377310,5911243,
2021-02-20,5910646,6068900,5760000,5916593,
2021-02-21,5910000,6139502,5881148,6079938,
2021-02-22,6080178,6086005,5080000,5687123,
2021-02-23,5687069,5687069,4718643,5176658,
2021-02-24,5175528,5440000,4983488,5278563,
2021-02-25,5281086,5528568,4992567,5024202,
2021-02-26,5024775,5158752,4700000,4941439,
2021-02-27,4940000,5154384,4820423,4928833,
2021-02-28,4932453,4968000,4600543,4820000,
2021-03-01,4819026,5322192,4804020,5308636,
2021-03-02,5310495,5369800,5037050,5179561,
2021-03-03,5178380,5624452,5147179,5403023,
2021-03-04,5401948,5537101,5135416,5223621,
2021-03-05,5223621,5346223,5007619,5288600,
2021-03-06,5288600,5321951,5105323,5285300,
2021-03-07,5285300,5550000,5285300,5506516,
2021-03-08,5513976,5672908,5351124,5672908,
2021-03-09,5675497,5954689,5649440,5944000,
2021-03-10,5943999,6181331,5785784,6043320,
2021-03-11,6045620,6298000,5907914,6275454,
2021-03-12,6272402,6296218,6028734,6230001,
2021-03-13,6230001,6705999,6124230,6680000,
2021-03-14,6680000,6729650,6436535,6436535,
2021-03-15,6436960,6610350,6052857,6087726,
2021-03-16,6080469,6199369,5833855,6199369,
2021-03-17,6200000,6413979,5944208,6411592,
2021-03-18,6411597,6540199,6216764,6282060,
2021-03-19,6282060,6464382,6126677,6327712,
2021-03-20,6327712,6514379,6309186,6333656,
2021-03-21,6333787,6378414,6077941,6253848,
2021-03-22,6253848,6340594,5890000,5894455,
2021-03-23,5894280,6070480,5788010,5910200,
2021-03-24,5910200,6219294,5668256,5701302,
2021-03-25,5701302,5805314,5505000,5609843,
2021-03-26,5609843,6042500,5609001,6042500,
2021-03-27,6042500,6185000,5920564,6125000,
2021-03-28,6122064,6180001,5997560,6123773,
2021-03-29,6123773,6374045,6009881,6323324,
2021-03-30,6323324,6540162,6273170,6470044,
2021-03-31,6470044,6600000,6317008,6508304,
2021-04-01,6508322,6571310,6419016,6496500,
2021-04-02,6496500,6643000,6477651,6539265,
2021-04-03,6539265,6607156,6329997,6345350,
2021-04-04,6345350,6477880,6275356,6448651,
2021-04-05,6448651,6514589,6302944,6509447,
2021-04-06,6509889,6540015,6320500,6376618,
2021-04-07,6376618,6438422,6106934,6172602,
2021-04-08,6171677,6356405,6150000,6356405,
2021-04-09,6356405,6453396,6329774,6380272,
2021-04-10,6381915,6673238,6358897,6556004,
2021-04-11,6556004,6642685,6500035,6578585,
2021-04-12,6578585,6689999,6534051,6567250,
2021-04-13,6567250,6952123,6565300,6925000,
2021-04-14,6926214,7050000,6707193,6877778,
2021-04-15,6877778,6928447,6776999,6880000,
2021-04-16,6880000,6912710,6568231,6707828,
2021-04-17,6707828,6805099,6551248,6567503,
2021-04-18,6567503,6605347,5822675,6183588,
2021-04-19,6185181,6320851,5888133,6023463,
2021-04-20,6023463,6171518,5807688,6113757,
2021-04-21,6112204,6137706,5803315,5825183,
2021-04-22,5825183,5992273,5462399,5575270,
2021-04-23,5575084,5603936,5116312,5532234,
2021-04-24,5535002,5539101,5277733,5401874,
2021-04-25,5401874,5460000,5100000,5297648,
2021-04-26,5297648,5882664,5269900,5856666,
2021-04-27,5856666,6026539,5787001,5994000,
2021-04-28,5994000,6108092,5868339,5958710,
2021-04-29,5955697,5990292,5713865,5843493,
2021-04-30,5846080,6341000,5796032,6320000,
2021-05-01,6320000,6400000,6253014,6333500,
2021-05-02,6333500,6344841,6153000,6201631,
2021-05-03,6201631,6465940,6187097,6257167,
2021-05-04,6257167,6258258,5831235,5840000,
2021-05-05,5836294,6329265,5814638,6282003,
2021-05-06,6281414,6366766,6036436,6162985,
2021-05-07,6160793,6351693,6035632,6235370,
2021-05-08,6235370,6445000,6195555,6398654,
2021-05-09,6398654,6436083,6157701,6335150,
2021-05-10,6333342,6479515,5953757,6091288,
2021-05-11,6091288,6188000,5964806,6171417,
2021-05-12,6171417,6309000,5378787,5465663,
2021-05-13,5450289,5644941,5160000,5448830,
2021-05-14,5448830,5641000,5360000,5467820,
2021-05-15,5467820,5545236,5107573,5119637,
2021-05-16,5117180,5444444,4806278,5087808,
2021-05-17,5087808,5108888,4610787,4759999,
2021-05-18,4760000,5004157,4625663,4678949,
2021-05-19,4680874,4761078,3510978,4026138,
2021-05-20,4026138,4646538,3849040,4441300,
2021-05-21,4441300,4606321,3698150,4082988,
2021-05-22,4083642,4228316,3865558,4092900,
2021-05-23,4091524,4170000,3407040,3783661,
2021-05-24,3785587,4335579,3750500,4234327,
2021-05-25,4237878,4340000,3985591,4180751,
2021-05-26,4182339,4450431,4126238,4297698,
2021-05-27,4297698,4419074,4068971,4236850,
2021-05-28,4238622,4270243,3821623,3930002,
2021-05-29,3930002,4090019,3712215,3822069,
2021-05-30,3824164,3999863,3700013,3920605,
2021-05-31,3920605,4106803,3765000,4083455,
2021-06-01,4083455,4151934,3913451,4021000,
2021-06-02,4021000,4188895,3945363,4120176,
2021-06-03,4119394,4329944,4085961,4327000,
2021-06-04,4328309,4328309,3928290,4044706,
2021-06-05,4044706,4154556,3831251,3899450,
2021-06-06,3899450,3997890,3871991,3928699,
2021-06-07,3928699,4033365,3663824,3677468,
2021-06-08,3677468,3730208,3404182,3654700,
2021-06-09,3654700,4116999,3551111,4101256,
2021-06-10,4098716,4193045,3920000,4016156,
2021-06-11,4016156,4127210,3942976,4094685,
2021-06-12,4096165,4104494,3815552,3902996,
2021-06-13,3904362,4307868,3833128,4278249,
2021-06-14,4278249,4501562,4255000,4457873,
2021-06-15,4457871,4549335,4362609,4423174,
2021-06-16,4423174,4457752,4229534,4255054,
2021-06-17,4255054,4373359,4130833,4204003,
2021-06-18,4204780,4210778,3882685,3958669,
2021-06-19,3958669,4018810,3852874,3917150,
2021-06-20,3916594,3970236,3683264,3919723,
2021-06-21,3919723,3932086,3453547,3490846,
2021-06-22,3491419,3683855,3200000,3596647,
2021-06-23,3597263,3856997,3513864,3740959,
2021-06-24,3741992,3899828,3597000,3844100,
2021-06-25,3844100,3934000,3474365,3505346,
2021-06-26,3505346,3620050,3351737,3586652,
2021-06-27,3575317,3840830,3550000,3840830,
2021-06-28,3843000,3896147,3760000,3813979,
2021-06-29,3815362,4037746,3786044,3968198,
2021-06-30,3968198,3986710,3786305,3900000,
2021-07-01,3900000,3900000,3665528,3741328,
2021-07-02,3741328,3786950,3654936,3754712,
2021-07-03,3754712,3878528,3710015,3854321,
2021-07-04,3862122,3985400,3855000,3921388,
2021-07-05,3921388,3921388,3685000,3739033,
2021-07-06,3739635,3881402,3724902,3789958,
2021-07-07,3786710,3876645,3743542,3751927,
2021-07-08,3751927,3758058,3532219,3583193,
2021-07-09,3631099,3754000,3593446,3723920,
2021-07-10,3723920,3772829,3641000,3692116,
2021-07-11,3692116,3800000,3673912,3772000,
2021-07-12,3774000,3816663,3604391,3656342,
2021-07-13,3655000,3681418,3563634,3619789,
2021-07-14,3619789,3642441,3499000,3609660,
2021-07-15,3609660,3645708,3430260,3503330,
2021-07-16,3503330,3550060,3424000,3459141,
2021-07-17,3459141,3518900,3435450,3474367,
2021-07-18,3474367,3569999,3431839,3494352,
2021-07-19,3494352,3508073,3330000,3380579,
2021-07-20,3381285,3401399,3211962,3276000,
2021-07-21,3276000,3616000,3246953,3542668,
2021-07-22,3545000,3575000,3500520,3555000,
2021-07-23,3555000,3720011,3538192,3720011,
2021-07-24,3720535,3760049,3694210,3740000,
2021-07-25,3838229,3898883,3738620,3897751,
2021-07-26,3899000,4440000,3882879,4099000,
2021-07-27,4099000,4335968,4005065,4333864,
2021-07-28,4331401,4495035,4278283,4396326,
2021-07-29,4397063,4455999,4314548,4377710,
2021-07-30,4377710,4632355,4201000,4627607,
2021-07-31,4624840,4639768,4506226,4546388,
2021-08-01,4547700,4667316,4332730,4378000,
2021-08-02,4378000,4438829,4231099,4281000,
2021-08-03,4281000,4347000,4115000,4165429,
2021-08-04,4165429,4374819,4100391,4350000,
2021-08-05,4350000,4538000,4094357,4485000,
2021-08-06,4485000,4751123,4380002,4708477,
2021-08-07,4708477,4920000,4684000,4911625,
2021-08-08,4911625,4993333,4774376,4834501,
2021-08-09,4833496,5113999,4720999,5100244,
2021-08-10,5099219,5143548,4939816,5038669,
2021-08-11,5038669,5165998,5016798,5031705,
2021-08-12,5031188,5103000,4836265,4903825,
2021-08-13,4903825,5241086,4888230,5234999,
2021-08-14,5235000,5257776,5040101,5163907,
2021-08-15,5163907,5189404,4990936,5143330,
2021-08-16,5143330,5234691,4992504,5019039,
2021-08-17,5019039,5150000,4871158,4895017,
2021-08-18,4896898,5053016,4851472,4913000,
2021-08-19,4913000,5156894,4840300,5127834,
2021-08-20,5131361,5387945,5119081,5386824,
2021-08-21,5386825,5439000,5287921,5358003,
2021-08-22,5358003,5414623,5273932,5389358,
2021-08-23,5389358,5477099,5375999,5428951,
2021-08-24,5428000,5467674,5230000,5241647,
2021-08-25,5236328,5409124,5176879,5383889,
2021-08-26,5383889,5426107,5107898,5157976,
2021-08-27,5154311,5384086,5102574,5377352,
2021-08-28,5377352,5400500,5299519,5352931,
2021-08-29,5355000,5416263,5247738,5314447,
2021-08-30,5314447,5327888,5146625,5157915,
2021-08-31,5157915,5277000,5125190,5180461,
2021-09-01,5180461,5388888,5127688,5370667,
2021-09-02,5370667,5509712,5349098,5412000,
2021-09-03,5412000,5575900,5308286,5488567,
2021-09-04,5488567,5535000,5425472,5480003,
2021-09-05,5480003,5684999,5441001,5661974,
2021-09-06,5660469,5794000,5602943,5785000,
2021-09-07,5785000,5800000,4987654,5177076,
2021-09-08,5180000,5231212,4898211,5080007,
2021-09-09,5080007,5195752,5021367,5094996,
2021-09-10,5094996,5166399,4863099,4935382,
2021-09-11,4934377,5056082,4913521,4970421,
2021-09-12,4970421,5099998,4924686,5060487,
2021-09-13,5056219,5147605,4789900,4944019,
2021-09-14,4944019,5181850,4917695,5170158,
2021-09-15,5170158,5300000,5121932,5269514,
2021-09-16,5269514,5300000,5162000,5238769,
2021-09-17,5238769,5288849,5145018,5200215,
2021-09-18,5200215,5360000,5175221,5309564,
2021-09-19,5309564,5319990,5152000,5199215,
2021-09-20,5199215,5208646,4654818,4708805,
2021-09-21,4708805,4783000,4325000,4443155,
2021-09-22,4443158,4824349,4430129,4788586,
2021-09-23,4788586,4964998,4738887,4955000,
2021-09-24,4955000,4986484,4500002,4745957,
2021-09-25,4745957,4762578,4616168,4730000,
2021-09-26,4730000,4863322,4520026,4789654,
2021-09-27,4783963,4905514,4678699,4682099,
2021-09-28,4684421,4760295,4561261,4579191,
2021-09-29,4579191,4746346,4549667,4651215,
2021-09-30,4651215,4900606,4638266,4878202,
2021-10-01,4878202,5380000,4818731,5348191,
2021-10-02,5348191,5361999,5268227,5290268,
2021-10-03,5290000,5445651,5228702,5352884,
2021-10-04,5352884,5484044,5201699,5453102,
2021-10-05,5457259,5774314,5435001,5732959,
2021-10-06,5732959,6203663,5616119,6161731,
2021-10-07,6161731,6164594,5952100,6001452,
2021-10-08,6001452,6275000,5998000,6060792,
2021-10-09,6060792,6216000,6032800,6164000,
2021-10-10,6164036,6307359,6080000,6145272,
2021-10-11,6142408,6544460,6117855,6515000,
2021-10-12,6512535,6515905,6150886,6356779,
2021-10-13,6356779,6530430,6164260,6489795,
2021-10-14,6489795,6635000,6460000,6523400,
2021-10-15,6523400,7150000,6471623,7040846,
2021-10-16,7040846,7100000,6865000,6943502,
2021-10-17,6943502,7041752,6730000,7027457,
2021-10-18,7027457,7149000,6849919,7075066,
2021-10-19,7075707,7379000,7014607,7364000,
2021-10-20,7364646,7659480,7280745,7554774,
2021-10-21,7555000,7598000,7064237,7080185,
2021-10-22,7080384,7267999,6811271,6895333,
2021-10-23,6895333,7005307,6774372,6959294,
2021-10-24,6959294,6981000,6759935,6918403,
2021-10-25,6918403,7247178,6893532,7178427,
2021-10-26,7180871,7202227,6841168,6891979,
2021-10-27,6896595,7011811,6622000,6656683,
2021-10-28,6656683,7090428,6600008,6883415,
2021-10-29,6883415,7173373,6850000,7098467,
2021-10-30,7098467,7109000,6936091,7056438,
2021-10-31,7060000,7108000,6855980,7014554,
2021-11-01,7009911,7137580,6812301,6952339,
2021-11-02,6955335,7300000,6920000,7208405,
2021-11-03,7209500,7237000,6945000,7170190,
2021-11-04,7170190,7195434,6915251,6994236,
2021-11-05,6994235,7114133,6901802,6933000,
2021-11-06,6933000,6993727,6839000,6984000,
2021-11-07,6984000,7176000,6970112,7176000,
2021-11-08,7176000,7667000,7174221,7645000,
2021-11-09,7645000,7722222,7490000,7561725,
2021-11-10,7561725,7794000,7261350,7398000,
2021-11-11,7395001,7479998,7332389,7399876,
2021-11-12,7399876,7473308,7107000,7303811,
2021-11-13,7303811,7397123,7230867,7345075,
2021-11-14,7345588,7464023,7260000,7464023,
2021-11-15,7464023,7552913,7253563,7275045,
2021-11-16,7280121,7280121,6712000,6916993,
2021-11-17,6912628,6983237,6720000,6898760,
2021-11-18,6898760,6962000,6464122,6506871,
2021-11-19,6507069,6647375,6360963,6628505,
2021-11-20,6628505,6833999,6559602,6814224,
2021-11-21,6814224,6853502,6690457,6704801,
2021-11-22,6706499,6786131,6401150,6462030,
2021-11-23,6462030,6659796,6368000,6634996,
2021-11-24,6634996,6646681,6447029,6597510,
2021-11-25,6600849,6848000,6583177,6785379,
2021-11-26,6785379,6804217,6084707,6105810,
2021-11-27,6106000,6291877,6092279,6218028,
2021-11-28,6215624,6536195,6060000,6520466,
2021-11-29,6520466,6694520,6436294,6582982,
2021-11-30,6582982,6679161,6337000,6457586,
2021-12-01,6455667,6679990,6385000,6468000,
2021-12-02,6468000,6488174,6320671,6395063,
2021-12-03,6395063,6527408,5890020,6085192,
2021-12-04,6083162,6103749,4880053,5565198,
2021-12-05,5564117,5637123,5399184,5592857,
2021-12-06,5593682,5787522,5357028,5740000,
2021-12-07,5740319,5900000,5688000,5748085,
2021-12-08,5748085,5831166,5540001,5742250,
2021-12-09,5742250,5780020,5377723,5405886,
2021-12-10,5405886,5680160,5327006,5356514,
2021-12-11,5355022,5618648,5312186,5599377,
2021-12-12,5602399,5761461,5532000,5692461,
2021-12-13,5692461,5701782,5200724,5311515,
2021-12-14,5311515,5530000,5265000,5498520,
2021-12-15,5498520,5649000,5305555,5575096,
2021-12-16,5575948,5644950,5407006,5413000,
2021-12-17,5413000,5462656,5160000,5252765,
2021-12-18,5252041,5387550,5181593,5333119,
2021-12-19,5333119,5482760,5288622,5308906,
2021-12-20,5308906,5397869,5180798,5329099,
2021-12-21,5332277,5624937,5300500,5579913,
2021-12-22,5579913,5660544,5532120,5552609,
2021-12-23,5552609,5876510,5488669,5808562,
2021-12-24,5813000,5924549,5772813,5817441,
2021-12-25,5817441,5850322,5750000,5768595,
2021-12-26,5768595,5857996,5660381,5805338,
2021-12-27,5808996,5980691,5771493,5820883,
2021-12-28,5820883,5821650,5435000,5456831,
2021-12-29,5456831,5533212,5304895,5343060,
2021-12-30,5343060,5522222,5280786,5425747,
2021-12-31,5423487,5589859,5254877,5325242,
2022-01-01,5325242,5515000,5323749,5495000,
2022-01-02,5495000,5517582,5377728,5449625,
2022-01-03,5448625,5477676,5276666,5358524,
2022-01-04,5362273,5516632,5298668,5328098,
2022-01-05,5329012,5449500,4944443,5048182,
2022-01-06,5051360,5086549,4919125,4998900,
2022-01-07,5000000,5005364,4715529,4807016,
2022-01-08,4807016,4893068,4700832,4823412,
2022-01-09,4823412,4947009,4772503,4844534,
2022-01-10,4846257,4895204,4581736,4824475,
2022-01-11,4824475,4979997,4780000,4933686,
2022-01-12,4933686,5083108,4901818,5044043,
2022-01-13,5044043,5075850,4836495,4862046,
2022-01-14,4862078,4963844,4760000,4922738,
2022-01-15,4922738,5003864,4871922,4926803,
2022-01-16,4926803,4965994,4873732,4929153,
2022-01-17,4929153,4940345,4770070,4839249,
2022-01-18,4839249,4889999,4736368,4853936,
2022-01-19,4853936,4878174,4715000,4770212,
2022-01-20,4770212,4961991,4624283,4639894,
2022-01-21,4639435,4685214,4016025,4148838,
2022-01-22,4146125,4184518,3875000,3990005,
2022-01-23,3990005,4154068,3944354,4128789,
2022-01-24,4128789,4278702,3758138,4185000,
2022-01-25,4185000,4277999,4069012,4214180,
2022-01-26,4214180,4406929,4161290,4229766,
2022-01-27,4230229,4299288,4080000,4292436,
2022-01-28,4292436,4378250,4184255,4346669,
2022-01-29,4346669,4466526,4309444,4403373,
2022-01-30,4403373,4425020,4314001,4374133,
2022-01-31,4372479,4461762,4235851,4432335,
2022-02-01,4432335,4504419,4365074,4443671,
2022-02-02,4443671,4462325,4189001,4223411,
2022-02-03,4225388,4292585,4167685,4291293,
2022-02-04,4289048,4811247,4257000,4790000,
2022-02-05,4791341,4830522,4720500,4773827,
2022-02-06,4773827,4920000,4745860,4887930,
2022-02-07,4887930,5122480,4801240,5050001,
2022-02-08,5048882,5257291,4935097,5095904,
2022-02-09,5095904,5177720,4988350,5132628,
2022-02-10,5132628,5310273,5028254,5054853,
2022-02-11,5055494,5092968,4845113,4891511,
2022-02-12,4891511,4966325,4823001,4879636,
2022-02-13,4879636,4945000,4842570,4867892,
2022-02-14,4867892,4954074,4805791,4919826,
2022-02-15,4919826,5178444,4902943,5154017,
2022-02-16,5157345,5158406,5004777,5066235,
2022-02-17,5066235,5100000,4608756,4657141,
2022-02-18,4657141,4725093,4543807,4606074,
2022-02-19,4606074,4663000,4570000,4617713,
2022-02-20,4617713,4621001,4373391,4414087,
2022-02-21,4414546,4547808,4223135,4245285,
2022-02-22,4245285,4425185,4171818,4405370,
2022-02-23,4405370,4518470,4264106,4283443,
2022-02-24,4283443,4580134,3941150,4432578,
2022-02-25,4432578,4588196,4385161,4532137,
2022-02-26,4532137,4650000,4463013,4523999,
2022-02-27,4523999,4601938,4275000,4357255,
2022-02-28,4357255,5067007,4332564,4971301,
2022-03-01,4971301,5158220,4918253,5104356,
2022-03-02,5104356,5219269,5000000,5075614,
2022-03-03,5074978,5100000,4831715,4906652,
2022-03-04,4906652,4911357,4435000,4504751,
2022-03-05,4504751,4556194,4440000,4531796,
2022-03-06,4531796,4562769,4384000,4421060,
2022-03-07,4421060,4556883,4290357,4390272,
2022-03-08,4392079,4550001,4373694,4485235,
2022-03-09,4485235,4928861,4479000,4862323,
2022-03-10,4863463,4873698,4481014,4584098,
2022-03-11,4584098,4700598,4450000,4543814,
2022-03-12,4543814,4623568,4535001,4552679,
2022-03-13,4555023,4610000,4421661,4446469,
2022-03-14,4446469,4719994,4416000,4688164,
2022-03-15,4688164,4714327,4503000,4645941,
2022-03-16,4645941,4929998,4591663,4887411,
2022-03-17,4887411,4920000,4806835,4850262,
2022-03-18,4850262,5041662,4780000,4975235,
2022-03-19,4975235,5045000,4950000,5029838,
2022-03-20,5026878,5038409,4876400,4924073,
2022-03-21,4924073,4950000,4831444,4905627,
2022-03-22,4905627,5202000,4899200,5135045,
2022-03-23,5135045,5207372,5060001,5192533,
2022-03-24,5191306,5405320,5169653,5382461,
2022-03-25,5382461,5507472,5309358,5414668,
2022-03-26,5414668,5464781,5385000,5436112,
2022-03-27,5436112,5733050,5424507,5724823,
2022-03-28,5724823,5955555,5699003,5821658,
2022-03-29,5821658,5922444,5769686,5842088,
2022-03-30,5842088,5842088,5698000,5738529,
2022-03-31,5738529,5782167,5506232,5540000,
2022-04-01,5540000,5746000,5423634,5674997,
2022-04-02,5674997,5781293,5590844,5615109,
2022-04-03,5616241,5811863,5581001,5693890,
2022-04-04,5693890,5751171,5543525,5720000,
2022-04-05,5720000,5793994,5617821,5630025,
2022-04-06,5630025,5645000,5341000,5345255,
2022-04-07,5344362,5442003,5285365,5415921,
2022-04-08,5392130,5468888,5240644,5257774,
2022-04-09,5257774,5324190,5240479,5324190,
2022-04-10,5319300,5387329,5226569,5268693,
2022-04-11,5237899,5306112,4916697,4960897,
2022-04-12,4960897,5100232,4924044,5029088,
2022-04-13,5029088,5203685,4976829,5159821,
2022-04-14,5159821,5197800,4991088,5043000,
2022-04-15,5043000,5172665,5020290,5133258,
2022-04-16,5133258,5148170,5063596,5111569,
2022-04-17,5111569,5135000,5008292,5027866,
2022-04-18,5027866,5209580,4884505,5185662,
2022-04-19,5185662,5371000,5183000,5365371,
2022-04-20,5365371,5405000,5225490,5297305,
2022-04-21,5297305,5507615,5116000,5203080,
2022-04-22,5203080,5225038,5044804,5110008,
2022-04-23,5110008,5137934,5057098,5072742,
2022-04-24,5072742,5130891,5012007,5075600,
2022-04-25,5075600,5193113,4900000,5166670,
2022-04-26,5166670,5219999,4805645,4856122,
2022-04-27,4856122,5058195,4832203,5041282,
2022-04-28,5041282,5289944,5029351,5196977,
2022-04-29,5196977,5207996,4961389,5013086,
2022-04-30,5013086,5036410,4885071,4889956,
2022-05-01,4889956,5020000,4860022,5000401,
2022-05-02,5000401,5103333,4953035,5013597,
2022-05-03,5013597,5030000,4886981,4912827,
2022-05-04,4912827,5156501,4903793,5126510,
2022-05-05,5126510,5148000,4713339,4774492,
2022-05-06,4774492,4785758,4610000,4707124,
2022-05-07,4707124,4717935,4550784,4633426,
2022-05-08,4633426,4637656,4405555,4452629,
2022-05-09,4456250,4478180,3924401,3930157,
2022-05-10,3930392,4263744,3877000,4050648,
2022-05-11,4048227,4180034,3640647,3767372,
2022-05-12,3767556,3900000,3300000,3730335,
2022-05-13,3730335,4008509,3696354,3780782,
2022-05-14,3783275,3915000,3700652,3884639,
2022-05-15,3884639,4058888,3809640,4051702,
2022-05-16,4051702,4051702,3754000,3846621,
2022-05-17,3846621,3982746,3808591,3939033,
2022-05-18,3939033,3968564,3660015,3666628,
2022-05-19,3666835,3898174,3666628,3874998,
2022-05-20,3874998,3939508,3666666,3732754,
2022-05-21,3732754,3788051,3701678,3762852,
2022-05-22,3762852,3895542,3739004,3871138,
2022-05-23,3871138,3911153,3690000,3723114,
2022-05-24,3723114,3783813,3625564,3757205,
2022-05-25,3757205,3835680,3721217,3751496,
2022-05-26,3751496,3802599,3570435,3709973,
2022-05-27,3709973,3730805,3594707,3636753,
2022-05-28,3636753,3716433,3625963,3688235,
2022-05-29,3688235,3758111,3664854,3747454,
2022-05-30,3747454,4107000,3721211,4051397,
2022-05-31,4051397,4159554,4014309,4090869,
2022-06-01,4092000,4126980,3813974,3875105,
2022-06-02,3877553,3986279,3838000,3955681,
2022-06-03,3955681,3980299,3821229,3885999,
2022-06-04,3885999,3922464,3856190,3904501,
2022-06-05,3904501,3944077,3863520,3908524,
2022-06-06,3908524,4164231,3904704,4143000,
2022-06-07,4143000,4183225,3873002,4128468,
2022-06-08,4128468,4151625,3969849,4057150,
2022-06-09,4057150,4099500,4001000,4044534,
2022-06-10,4044534,4063109,3876068,3909892,
2022-06-11,3909892,3955555,3779000,3816527,
2022-06-12,3817126,3834158,3580000,3582369,
2022-06-13,3581890,3622740,2947756,3022450,
2022-06-14,3022450,3132929,2800000,2993222,
2022-06-15,2993222,3052999,2704367,3028131,
2022-06-16,3025282,3087654,2680517,2699210,
2022-06-17,2699210,2867592,2681305,2760047,
2022-06-18,2760047,2800719,2376000,2557404,
2022-06-19,2557404,2830754,2420058,2781391,
2022-06-20,2781391,2839419,2646367,2776542,
2022-06-21,2776542,2955632,2749162,2825420,
2022-06-22,2825420,2839500,2692640,2717974,
2022-06-23,2717427,2856904,2705189,2841759,
2022-06-24,2841759,2913630,2786000,2869229,
2022-06-25,2869229,2919000,2828347,2905004,
2022-06-26,2905004,2954300,2831648,2842692,
2022-06-27,2842692,2903226,2780000,2807387,
2022-06-28,2807387,2877326,2749208,2756864,
2022-06-29,2756864,2788888,2706987,2745502,
2022-06-30,2745502,2753391,2526217,2707746,
2022-07-01,2708458,2836769,2566017,2606426,
2022-07-02,2605734,2630000,2566067,2600900,
2022-07-03,2600900,2655504,2540000,2606656,
2022-07-04,2606656,2760999,2572062,2744174,
2022-07-05,2744310,2816000,2621990,2731520,
2022-07-06,2731520,2807639,2670543,2792717,
2022-07-07,2792717,2967615,2744565,2935584,
2022-07-08,2935584,3050518,2887000,2939209,
2022-07-09,2938000,2988247,2902200,2936574,
2022-07-10,2936574,2937870,2811613,2841968,
2022-07-11,2841968,2853954,2728577,2741180,
2022-07-12,2741740,2756851,2632500,2642522,
2022-07-13,2642522,2794317,2603001,2785035,
2022-07-14,2784441,2897173,2727131,2859721,
2022-07-15,2859445,2936117,2827510,2886497,
2022-07-16,2886497,2987610,2836665,2935070,
2022-07-17,2935070,2997141,2870910,2875300,
2022-07-18,2875300,3146070,2871337,3102938,
2022-07-19,3102162,3286887,2975179,3232731,
2022-07-20,3232731,3354929,3166449,3215121,
2022-07-21,3215121,3243373,3088888,3173551,
2022-07-22,3173551,3244172,3063673,3089790,
2022-07-23,3089790,3132729,2990843,3056032,
2022-07-24,3056032,3134700,3032187,3079947,
2022-07-25,3079947,3093848,2902166,2908522,
2022-07-26,2909321,2917788,2833000,2912351,
2022-07-27,2912351,3156000,2881858,3124543,
2022-07-28,3124543,3249999,3058271,3206956,
2022-07-29,3205470,3249811,3140500,3168503,
2022-07-30,3168503,3284145,3132322,3152799,
2022-07-31,3152799,3224381,3101400,3113082,
2022-08-01,3113082,3113200,3016016,3062150,
2022-08-02,3062150,3104575,2964599,3066846,
2022-08-03,3066671,3161184,3026219,3056663,
2022-08-04,3056663,3108654,2982411,3002820,
2022-08-05,3002820,3155035,2999410,3146349,
2022-08-06,3146467,3151411,3096111,3099964,
2022-08-07,3099964,3159500,3087645,3131328,
2022-08-08,3131328,3267997,3130000,3211079,
2022-08-09,3211079,3227617,3091692,3130000,
2022-08-10,3130000,3220464,3068612,3183701,
2022-08-11,3183701,3288888,3174899,3187322,
2022-08-12,3187039,3260432,3160000,3255377,
2022-08-13,3255377,3319864,3243230,3262927,
2022-08-14,3262927,3338989,3226087,3243334,
2022-08-15,3243334,3359900,3167250,3212126,
2022-08-16,3212126,3245001,3180000,3206856,
2022-08-17,3206856,3285000,3132969,3151340,
2022-08-18,3151340,3188307,3143003,3152377,
2022-08-19,3152377,3154919,2848000,2854385,
2022-08-20,2854385,2930000,2843467,2897228,
2022-08-21,2897228,2981841,2885011,2947952,
2022-08-22,2947952,2962100,2859350,2945000,
2022-08-23,2945000,2966168,2870201,2943127,
2022-08-24,2943127,2998000,2896440,2931406,
2022-08-25,2931406,2978566,2921451,2947465,
2022-08-26,2947464,2990000,2770000,2787390,
2022-08-27,2787000,2806065,2728594,2757153,
2022-08-28,2755948,2779681,2697516,2701936,
2022-08-29,2702206,2835000,2701960,2814876,
2022-08-30,2814876,2851640,2712500,2749512,
2022-08-31,2749512,2835000,2748408,2793446,
2022-09-01,2793446,2830000,2742231,2820499,
2022-09-02,2820500,2863792,2768305,2799562,
2022-09-03,2799562,2813000,2760499,2781451,
2022-09-04,2781451,2814768,2750000,2811351,
2022-09-05,2811351,2819999,2762275,2780498,
2022-09-06,2780498,2839000,2668770,2692083,
2022-09-07,2692083,2797972,2662203,2778171,
2022-09-08,2778171,2801377,2741124,2778088,
2022-09-09,2778088,3076019,2776611,3049401,
2022-09-10,3049401,3107500,3013995,3085471,
2022-09-11,3085471,3115999,3044342,3112029,
2022-09-12,3110609,3207000,3081418,3193180,
2022-09-13,3193180,3236900,2876543,2915000,
2022-09-14,2915000,2963998,2810000,2893442,
2022-09-15,2893442,2921499,2797463,2824620,
2022-09-16,2824620,2845000,2768334,2830184,
2022-09-17,2830184,2884537,2825163,2877543,
2022-09-18,2877543,2877543,2768909,2774493,
2022-09-19,2774493,2817776,2621000,2799301,
2022-09-20,2799301,2807719,2693500,2711477,
2022-09-21,2711477,2875500,2616601,2664383,
2022-09-22,2666023,2781081,2651774,2761600,
2022-09-23,2761600,2778620,2656792,2763014,
2022-09-24,2763014,2766319,2697000,2713000,
2022-09-25,2713000,2748657,2675402,2701054,
2022-09-26,2701054,2783042,2690804,2776622,
2022-09-27,2776622,2942000,2730000,2762000,
2022-09-28,2762000,2848500,2675001,2803485,
2022-09-29,2803485,2836666,2726309,2829945,
2022-09-30,2829768,2915500,2773956,2812125,
2022-10-01,2812125,2821238,2778882,2796384,
2022-10-02,2796384,2809500,2742785,2760294,
2022-10-03,2760294,2848867,2750000,2838285,
2022-10-04,2838285,2949799,2823057,2927755,
2022-10-05,2927755,2939699,2858436,2912383,
2022-10-06,2912383,2955660,2880000,2897339,
2022-10-07,2897339,2908149,2810000,2841529,
2022-10-08,2841642,2852900,2802137,2825055,
2022-10-09,2825055,2844213,2812281,2830176,
2022-10-10,2830176,2841299,2775003,2790180,
2022-10-11,2790180,2806738,2750082,2782585,
2022-10-12,2782585,2825108,2781977,2813409,
2022-10-13,2813357,2869998,2681926,2853000,
2022-10-14,2853000,2934224,2839012,2853200,
2022-10-15,2851635,2859525,2823159,2835160,
2022-10-16,2835160,2885946,2835095,2862432,
2022-10-17,2862432,2922000,2846735,2910832,
2022-10-18,2910832,2932455,2850000,2885000,
2022-10-19,2885000,2888638,2857000,2865542,
2022-10-20,2865542,2893999,2837256,2860981,
2022-10-21,2860981,2892222,2798378,2833900,
2022-10-22,2833900,2845955,2827133,2838888,
2022-10-23,2838888,2924573,2824040,2885417,
2022-10-24,2885417,2905766,2857238,2879844,
2022-10-25,2879844,3017066,2867223,2970628,
2022-10-26,2970628,3083502,2966429,3036098,
2022-10-27,3036098,3046616,2952207,2968206,
2022-10-28,2968206,3063163,2952500,3036616,
2022-10-29,3036616,3106062,3031624,3068097,
2022-10-30,3068097,3087987,3025082,3050229,
2022-10-31,3050229,3093123,3013947,3049897,
2022-11-01,3049897,3058678,3002199,3030463,
2022-11-02,3030463,3040903,2967208,2982300,
2022-11-03,2982300,3014532,2972600,2998245,
2022-11-04,2998245,3118430,2994728,3101621,
2022-11-05,3100800,3148000,3092227,3125000,
2022-11-06,3125000,3132829,3070698,3073397,
2022-11-07,3073397,3105939,2991929,3021568,
2022-11-08,3021568,3031397,2525003,2699474,
2022-11-09,2699474,2705754,2288780,2332774,
2022-11-10,2336010,2565000,2315080,2502222,
2022-11-11,2502222,2513669,2300000,2367945,
2022-11-12,2367942,2375000,2312211,2325204,
2022-11-13,2325204,2348807,2250000,2277235,
2022-11-14,2277235,2418258,2210000,2328565,
2022-11-15,2328565,2382895,2320995,2347670,
2022-11-16,2347670,2380000,2289504,2309925,
2022-11-17,2326369,2347769,2291111,2343997,
2022-11-18,2356269,2357000,2315738,2334873,
2022-11-19,2335162,2358937,2329089,2343447,
2022-11-20,2343447,2348997,2268449,2282000,
2022-11-21,2282000,2309031,2200317,2240670,
2022-11-22,2240670,2304999,2218167,2286096,
2022-11-23,2286096,2355000,2279509,2312995,
2022-11-24,2312995,2332745,2284330,2303333,
2022-11-25,2303333,2317297,2270000,2305000,
2022-11-26,2305000,2327500,2291621,2299982,
2022-11-27,2299982,2319000,2297437,2300220,
2022-11-28,2300220,2306904,2230997,2253660,
2022-11-29,2253660,2297025,2233915,2287500,
2022-11-30,2287500,2384000,2285813,2362402,
2022-12-01,2362402,2372282,2294231,2305821,
2022-12-02,2305906,2319561,2284998,2303630,
2022-12-03,2303630,2310000,2273200,2275003,
2022-12-04,2275006,2314444,2273951,2307133,
2022-12-05,2307133,2354274,2302381,2318756,
2022-12-06,2318756,2342733,2313000,2339146,
2022-12-07,2339146,2346500,2292292,2298160,
2022-12-08,2298160,2363000,2294266,2353209,
2022-12-09,2353209,2359000,2330240,2340123,
2022-12-10,2340123,2354362,2338001,2341846,
2022-12-11,2341976,2357999,2335555,2339354,
2022-12-12,2339354,2370341,2314172,2365869,
2022-12-13,2365869,2444784,2353236,2412550,
2022-12-14,2412550,2479383,2393785,2411599,
2022-12-15,2411599,2426000,2382209,2393138,
2022-12-16,2393138,2406556,2264300,2278357,
2022-12-17,2278357,2299277,2271222,2297103,
2022-12-18,2297103,2301712,2280383,2287667,
2022-12-19,2287667,2292720,2231834,2253070,
2022-12-20,2253070,2309685,2205579,2234548,
2022-12-21,2234548,2238687,2217372,2231173,
2022-12-22,2231173,2233432,2197578,2227277,
2022-12-23,2227277,2247594,2222563,2232669,
2022-12-24,2232669,2242953,2231767,2239307,
2022-12-25,2239307,2243147,2227340,2239193,
2022-12-26,2239193,2249260,2232323,2248064,
2022-12-27,2247132,2253000,2216000,2231887,
2022-12-28,2231887,2247689,2215249,2218908,
2022-12-29,2218904,2224221,2201718,2214791,
2022-12-30,2214791,2214791,2156000,2180500,
2022-12-31,2180500,2182388,2165500,2172002,
2023-01-01,2172331,2181425,2164538,2177871,
2023-01-02,2177871,2196912,2171000,2196299,
2023-01-03,2181091,2193568,2162563,2189471,
2023-01-04,2189471,2249510,2182392,2228779,
2023-01-05,2228779,2261003,2215791,2243978,
2023-01-06,2243978,2260339,2223201,2240905,
2023-01-07,2240905,2244034,2237828,2240863,
2023-01-08,2240863,2266747,2238000,2259908,
2023-01-09,2259010,2292273,2258488,2265058,
2023-01-10,2264929,2312814,2261294,2304503,
2023-01-11,2304503,2371811,2296222,2367045,
2023-01-12,2367045,2466966,2345212,2436200,
2023-01-13,2436200,2558436,2414619,2549133,
2023-01-14,2549133,2719888,2544396,2679034,
2023-01-15,2679034,2692000,2633073,2674422,
2023-01-16,2674422,2756328,2657700,2721136,
2023-01-17,2721136,2767300,2687000,2714156,
2023-01-18,2713630,2800722,2624676,2658512,
2023-01-19,2658387,2719502,2655368,2707959,
2023-01-20,2707959,2946809,2696414,2938122,
2023-01-21,2938122,3023818,2905000,2949635,
2023-01-22,2949635,2990912,2890538,2943351,
2023-01-23,2943351,3025000,2931784,2996204,
2023-01-24,2996204,3017307,2928004,2951571,
2023-01-25,2951571,3085817,2901862,2982604,
2023-01-26,2982500,3019866,2968134,2988503,
2023-01-27,2988503,3050897,2927777,2996919,
2023-01-28,2996919,3010558,2977900,2992830,
2023-01-29,2992830,3108565,2987331,3087116,
2023-01-30,3087106,3095237,2940000,2985000,
2023-01-31,2985000,3032834,2968808,3010686,
2023-02-01,3010686,3070152,2959535,3051950,
2023-02-02,3051950,3109629,3015009,3030000,
2023-02-03,3030000,3101000,3011112,3073100,
2023-02-04,3073100,3093805,3054925,3062004,
2023-02-05,3062004,3074335,2999500,3027559,
2023-02-06,3027559,3074450,2986700,3020949,
2023-02-07,3020949,3052000,2992613,3045857,
2023-02-08,3046149,3063433,2983765,3017881,
2023-02-09,3017881,3028404,2856542,2867992,
2023-02-10,2867992,2888607,2823386,2843050,
2023-02-11,2843051,2880046,2839593,2877345,
2023-02-12,2877345,2902779,2845104,2866372,
2023-02-13,2866372,2895000,2836224,2883883,
2023-02-14,2883883,2967412,2863000,2956396,
2023-02-15,2956396,3245829,2934000,3244685,
2023-02-16,3244685,3380805,3146986,3150757,
2023-02-17,3150000,3353848,3129997,3294909,
2023-02-18,3294909,3332000,3280000,3305448,
2023-02-19,3305448,3370000,3258187,3262962,
2023-02-20,3262238,3363508,3204999,3334159,
2023-02-21,3334159,3399522,3260670,3300966,
2023-02-22,3300966,3302954,3181395,3266057,
2023-02-23,3266057,3316693,3190000,3223476,
2023-02-24,3223476,3253171,3126620,3165630,
2023-02-25,3165630,3169131,3110275,3163298,
2023-02-26,3163298,3230000,3149326,3212382,
2023-02-27,3212382,3248754,3154920,3202008,
2023-02-28,3202008,3222222,3136270,3155487,
2023-03-01,3155487,3255934,3142841,3219804,
2023-03-02,3219804,3239029,3180000,3208255,
2023-03-03,3208255,3209999,3014447,3041398,
2023-03-04,3041398,3050000,3020066,3042057,
2023-03-05,3042107,3082404,3026789,3053563,
2023-03-06,3053563,3076664,3032768,3049487,
2023-03-07,3049487,3070803,3005001,3051466,
2023-03-08,3051008,3064895,2966666,2979241,
2023-03-09,2978131,2988605,2730000,2785210,
2023-03-10,2785210,2787042,2660444,2734625,
2023-03-11,2734625,2822048,2690025,2787271,
2023-03-12,2787271,2997784,2766591,2992420,
2023-03-13,2992417,3258838,2917382,3212000,
2023-03-14,3212714,3538999,3203615,3318143,
2023-03-15,3318143,3372653,3180383,3238181,
2023-03-16,3238181,3363660,3216987,3344269,
2023-03-17,3344269,3666600,3332526,3617348,
2023-03-18,3617348,3659607,3525573,3561299,
2023-03-19,3561299,3751518,3551366,3715454,
2023-03-20,3715454,3749509,3598219,3666000,
2023-03-21,3664621,3771000,3626552,3730781,
2023-03-22,3730781,3824967,3508200,3602128,
2023-03-23,3602128,3785993,3588524,3711965,
2023-03-24,3711965,3719500,3540681,3603421,
2023-03-25,3603421,3645252,3565326,3608253,
2023-03-26,3608253,3692597,3601085,3668268,
2023-03-27,3668268,3691938,3500500,3571686,
2023-03-28,3571686,3596953,3503273,3576392,
2023-03-29,3576392,3780000,3573071,3755596,
2023-03-30,3755596,3861243,3671290,3734098,
2023-03-31,3734098,3814999,3676822,3784690,
2023-04-01,3784951,3828869,3757000,3783219,
2023-04-02,3783219,3791010,3711777,3763080,
2023-04-03,3763080,3803001,3629997,3687595,
2023-04-04,3687595,3780791,3671214,3717669,
2023-04-05,3717669,3789632,3665175,3701778,
2023-04-06,3701737,3718721,3655800,3698808,
2023-04-07,3698808,3706922,3673681,3696600,
2023-04-08,3696601,3727000,3691000,3703068,
2023-04-09,3703068,3765936,3685220,3743182,
2023-04-10,3743182,3973920,3740683,3959923,
2023-04-11,3959923,4085665,3950000,4040001,
2023-04-12,4040001,4056809,3952603,3982952,
2023-04-13,3982952,4050000,3982000,4032263,
2023-04-14,4032263,4113790,4020500,4080672,
2023-04-15,4080672,4094530,4050767,4062215,
2023-04-16,4062215,4084000,4043333,4064763,
2023-04-17,4064727,4064727,3937241,3964881,
2023-04-18,3964881,4084000,3918428,4069238,
2023-04-19,4069238,4077151,3868360,3892717,
2023-04-20,3891013,3918773,3760967,3786395,
2023-04-21,3786395,3802800,3640002,3653999,
2023-04-22,3653999,3754763,3640000,3747203,
2023-04-23,3747203,3747823,3675000,3700577,
2023-04-24,3700577,3750000,3628636,3692780,
2023-04-25,3692780,3797956,3644756,3784757,
2023-04-26,3784757,4012957,3642043,3798454,
2023-04-27,3798454,3999321,3793309,3941705,
2023-04-28,3941705,4009653,3928130,3994190,
2023-04-29,3994190,4013449,3964000,3989272,
2023-04-30,3989272,4080000,3971824,3994407,
2023-05-01,3994407,4014468,3810702,3874008,
2023-05-02,3874008,3949500,3840050,3920109,
2023-05-03,3920756,3943745,3816308,3912377,
2023-05-04,3912273,3957679,3862200,3886824,
2023-05-05,3886824,4000000,3885013,3978937,
2023-05-06,3978937,4017004,3846111,3910233,
2023-05-07,3910233,3943000,3850000,3854000,
2023-05-08,3852554,3878463,3690000,3749546,
2023-05-09,3749546,3769196,3704694,3745548,
2023-05-10,3745548,3819500,3610000,3710539,
2023-05-11,3710539,3718335,3600505,3631400,
2023-05-12,3631400,3655500,3510811,3644175,
2023-05-13,3644175,3674867,3630002,3642905,
2023-05-14,3642905,3698802,3620536,3661103,
2023-05-15,3661103,3769585,3637388,3696375,
2023-05-16,3696375,3714682,3651973,3690000,
2023-05-17,3690000,3778925,3644255,3766200,
2023-05-18,3766200,3794099,3658717,3722175,
2023-05-19,3722175,3744998,3670940,3713953,
2023-05-20,3713953,3749107,3708000,3742624,
2023-05-21,3742624,3764987,3687393,3689384,
2023-05-22,3689384,3751436,3659078,3723183,
2023-05-23,3723183,3804999,3713867,3775965,
2023-05-24,3775965,3777103,3633407,3672548,
2023-05-25,3672548,3722401,3613966,3707576,
2023-05-26,3707576,3775057,3682222,3751657,
2023-05-27,3751657,3774500,3730563,3771486,
2023-05-28,3771486,3972282,3758821,3949850,
2023-05-29,3949850,3998831,3865201,3901319,
2023-05-30,3901319,3931687,3855000,3875840,
2023-05-31,3874966,3891319,3757973,3791972,
2023-06-01,3791972,3813658,3706626,3724377,
2023-06-02,3724377,3824999,3693830,3818565,
2023-06-03,3818565,3827439,3770000,3791875,
2023-06-04,3791875,3845874,3775001,3804525,
2023-06-05,3803393,3807571,3561500,3622477,
2023-06-06,3622477,3816003,3558410,3796828,
2023-06-07,3796828,3811109,3666222,3691264,
2023-06-08,3691264,3724842,3666725,3682994,
2023-06-09,3682994,3730505,3667001,3694335,
2023-06-10,3694335,3700000,3560000,3616972,
2023-06-11,3616972,3658777,3586607,3617743,
2023-06-12,3617743,3642500,3586000,3617500,
2023-06-13,3617500,3682938,3606537,3636575,
2023-06-14,3636575,3650995,3484875,3527546,
2023-06-15,3527546,3610000,3500900,3588969,
2023-06-16,3588969,3755000,3563689,3731094,
2023-06-17,3731094,3795076,3709500,3761671,
2023-06-18,3754937,3784431,3727661,3733287,
2023-06-19,3733287,3829586,3727670,3808251,
2023-06-20,3805871,4004505,3775000,3989313,
2023-06-21,3989313,4358488,3986891,4243545,
2023-06-22,4243545,4326375,4223296,4270108,
2023-06-23,4270024,4510339,4256654,4414947,
2023-06-24,4415139,4431000,4355200,4385591,
2023-06-25,4385591,4455562,4360500,4373306,
2023-06-26,4373306,4394200,4300109,4346227,
2023-06-27,4346227,4451847,4340800,4417000,
2023-06-28,4417000,4419112,4314682,4347325,
2023-06-29,4347325,4459998,4338568,4411000,
2023-06-30,4411000,4522458,4265000,4406154,
2023-07-01,4406154,4422998,4383189,4417384,
2023-07-02,4417384,4441997,4362202,4421771,
2023-07-03,4421771,4541644,4418000,4507418,
2023-07-04,4507418,4533105,4438001,4458715,
2023-07-05,4458715,4476548,4365544,4411269,
2023-07-06,4411269,4531637,4316442,4324818,
2023-07-07,4324818,4367323,4294548,4327017,
2023-07-08,4327017,4328562,4286107,4317120,
2023-07-09,4317120,4337000,4285400,4301411,
2023-07-10,4301411,4397346,4272678,4313057,
2023-07-11,4311552,4335000,4281223,4300221,
2023-07-12,4300221,4321377,4200000,4224194,
2023-07-13,4224194,4384152,4204834,4338692,
2023-07-14,4338692,4343969,4166236,4218700,
2023-07-15,4218700,4223000,4204401,4212783,
2023-07-16,4212783,4229000,4185000,4202429,
2023-07-17,4202429,4225646,4119720,4181225,
2023-07-18,4181225,4194895,4113329,4150669,
2023-07-19,4150669,4212040,4147310,4178477,
2023-07-20,4178477,4246364,4150000,4177437,
2023-07-21,4177437,4260000,4170102,4242095,
2023-07-22,4242095,4258582,4205000,4228999,
2023-07-23,4229000,4298000,4219930,4267111,
2023-07-24,4267111,4268075,4100503,4149026,
2023-07-25,4149760,4153338,4122480,4128955,
2023-07-26,4128955,4172238,4108520,4127044,
2023-07-27,4127044,4160993,4051333,4071612,
2023-07-28,4071612,4149648,4045809,4139895,
2023-07-29,4139895,4151136,4132637,4149497,
2023-07-30,4149497,4159027,4104673,4125453,
2023-07-31,4125453,4201276,4123643,4169048,
2023-08-01,4169048,4242248,4108364,4240596,
2023-08-02,4240596,4293528,4151000,4191990,
2023-08-03,4191990,4200325,4155000,4170585,
2023-08-04,4170585,4184765,4103611,4139594,
2023-08-05,4139594,4141761,4124873,4135893,
2023-08-06,4135893,4144924,4120000,4129800,
2023-08-07,4129800,4173424,4101501,4161958,
2023-08-08,4161958,4325678,4160000,4265000,
2023-08-09,4265000,4325000,4228200,4255600,
2023-08-10,4255600,4287777,4242808,4265757,
2023-08-11,4265757,4279000,4240609,4261641,
2023-08-12,4261641,4275000,4260001,4267653,
2023-08-13,4267653,4271692,4249500,4251000,
2023-08-14,4251000,4310000,4228982,4285385,
2023-08-15,4285385,4293000,4248442,4258783,
2023-08-16,4258783,4269778,4208253,4208508,
2023-08-17,4208508,4218175,3845497,3917771,
2023-08-18,3917771,3942073,3730000,3798579,
2023-08-19,3798579,3829991,3760000,3811191,
2023-08-20,3811191,3826995,3789789,3816393,
2023-08-21,3816393,3838383,3787212,3827035,
2023-08-22,3827035,3832537,3721143,3801461,
2023-08-23,3801461,3884044,3760562,3822228,
2023-08-24,3823192,3871093,3781268,3829932,
2023-08-25,3829932,3835639,3783067,3819233,
2023-08-26,3819233,3829481,3813600,3818763,
2023-08-27,3818763,3839950,3810224,3828507,
2023-08-28,3828507,3853003,3798506,3829292,
2023-08-29,3829292,4106274,3810857,4046851,
2023-08-30,4047649,4056000,3945976,3989862,
2023-08-31,3989862,4020022,3750001,3789732,
2023-09-01,3789732,3813453,3710990,3779072,
2023-09-02,3779072,3810193,3773931,3793627,
2023-09-03,3793627,3821281,3783019,3800275,
2023-09-04,3800275,3821096,3762201,3788700,
2023-09-05,3788700,3828281,3761043,3807075,
2023-09-06,3807075,3833845,3750025,3809913,
2023-09-07,3809913,3891777,3780579,3869733,
2023-09-08,3869733,3887205,3786585,3837437,
2023-09-09,3837437,3838821,3818726,3832922,
2023-09-10,3832922,3832922,3790000,3806003,
2023-09-11,3806003,3808808,3658001,3699912,
2023-09-12,3699910,3898820,3695580,3807869,
2023-09-13,3807869,3890780,3797141,3868193,
2023-09-14,3868193,3960000,3851049,3919180,
2023-09-15,3919180,3976543,3882322,3936405,
2023-09-16,3936405,3960000,3918674,3934225,
2023-09-17,3934225,3942888,3913000,3929773,
2023-09-18,3929773,4050000,3913046,3958739,
2023-09-19,3958739,4062211,3946384,4022291,
2023-09-20,4022291,4050000,3971564,4026322,
2023-09-21,4026322,4031000,3903824,3931213,
2023-09-22,3931212,3975197,3920000,3948561,
2023-09-23,3948561,3955777,3941591,3946004,
2023-09-24,3946004,3972000,3890500,3905937,
2023-09-25,3905937,3936049,3868196,3918800,
2023-09-26,3918800,3934286,3891444,3911360,
2023-09-27,3911360,4002863,3906895,3944910,
2023-09-28,3944910,4067199,3940708,4028502,
2023-09-29,4028502,4047656,3992815,4022000,
2023-09-30,4022000,4046744,4019925,4032776,
2023-10-01,4032776,4196718,4031303,4179681,
2023-10-02,4177763,4277998,4093000,4126498,
2023-10-03,4126498,4149477,4049812,4097183,
2023-10-04,4097183,4154116,4070056,4147205,
2023-10-05,4146233,4183900,4068563,4081427,
2023-10-06,4082365,4210421,4070010,4170580,
2023-10-07,4170580,4193898,4160413,4182197,
2023-10-08,4182197,4198722,4147362,4170130,
2023-10-09,4170087,4176628,4067563,4103969,
2023-10-10,4103969,4144514,4063397,4076450,
2023-10-11,4076450,4092609,3970147,4015571,
2023-10-12,4015398,4032023,3981552,4012968,
2023-10-13,4012968,4066022,3998338,4029520,
2023-10-14,4029520,4045813,4020000,4029619,
2023-10-15,4029619,4080048,4020000,4064053,
2023-10-16,4064053,4340000,4054546,4263348,
2023-10-17,4263348,4285898,4201001,4256000,
2023-10-18,4256000,4337534,4216603,4245004,
2023-10-19,4245004,4330000,4222579,4305230,
2023-10-20,4305230,4520000,4290050,4444181,
2023-10-21,4444181,4535494,4414450,4478009,
2023-10-22,4478009,4520000,4447000,4489761,
2023-10-23,4489578,5055500,4473487,4939000,
2023-10-24,4939143,5250000,4906940,5079330,
2023-10-25,5079330,5255000,5053600,5180000,
2023-10-26,5180000,5238794,5072202,5142959,
2023-10-27,5142959,5151289,5002348,5076438,
2023-10-28,5076438,5157266,5071457,5111920,
2023-10-29,5111920,5199500,5085295,5171000,
2023-10-30,5171000,5220000,5094645,5152100,
2023-10-31,5152100,5261800,5131858,5244740,
2023-11-01,5244740,5388599,5165005,5337526,
2023-11-02,5337526,5399500,5176000,5270737,
2023-11-03,5271389,5271390,5133907,5201144,
2023-11-04,5201144,5270000,5183023,5241720,
2023-11-05,5241720,5284509,5160352,5235985,
2023-11-06,5235985,5280000,5207721,5259423,
2023-11-07,5259423,5391000,5203350,5322597,
2023-11-08,5322597,5433325,5301897,5376569,
2023-11-09,5376569,5728993,5365635,5559557,
2023-11-10,5558402,5683251,5505490,5658208,
2023-11-11,5658208,5673996,5578287,5632361,
2023-11-12,5633133,5644222,5579000,5624898,
2023-11-13,5624898,5674000,5520825,5539500,
2023-11-14,5539500,5585000,5273066,5359010,
2023-11-15,5359010,5745000,5334352,5730485,
2023-11-16,5730485,5740786,5358000,5474000,
2023-11-17,5474000,5535269,5378516,5486293,
2023-11-18,5486899,5520000,5434604,5481983,
2023-11-19,5481983,5627458,5460000,5605724,
2023-11-20,5608869,5611720,5481212,5561000,
2023-11-21,5561000,5580210,5304674,5304674,
2023-11-22,5305480,5651793,5290000,5595000,
2023-11-23,5595004,5620075,5520000,5581766,
2023-11-24,5581766,5736999,5576104,5646752,
2023-11-25,5646752,5668000,5635946,5655064,
2023-11-26,5655064,5657939,5563154,5609682,
2023-11-27,5609682,5626637,5480840,5543927,
2023-11-28,5542260,5655555,5480113,5567370,
2023-11-29,5567370,5662952,5548207,5578877,
2023-11-30,5578484,5614356,5544296,5585815,
2023-12-01,5585815,5737800,5566308,5686516,
2023-12-02,5686516,5824345,5682201,5788766,
2023-12-03,5788766,5900000,5770312,5855104,
2023-12-04,5857840,6241986,5855113,6189984,
2023-12-05,6189984,6547000,6090520,6492300,
2023-12-06,6492786,6525180,6400001,6446153,
2023-12-07,6446153,6480809,6163003,6251606,
2023-12-08,6247795,6481384,6184740,6403944,
2023-12-09,6403944,6436521,6326324,6344824,
2023-12-10,6344824,6387995,6320000,6352315,
2023-12-11,6355731,6365784,5888591,6042828,
2023-12-12,6042828,6131628,5930689,6037350,
2023-12-13,6037350,6215000,5920840,6137688,
2023-12-14,6137688,6151981,5955278,6124631,
2023-12-15,6124631,6138000,5918048,5974568,
2023-12-16,5974568,6085669,5945431,6022915,
2023-12-17,6022915,6035000,5879273,5899999,
2023-12-18,5899962,6101293,5790500,6087215,
2023-12-19,6086494,6272099,6010500,6090095,
2023-12-20,6090095,6362965,6088830,6270000,
2023-12-21,6270000,6310000,6180000,6237169,
2023-12-22,6237169,6330000,6181077,6268206,
2023-12-23,6268206,6270847,6188604,6234168,
2023-12-24,6234168,6262000,6105650,6137797,
2023-12-25,6134771,6245000,6095335,6207127,
2023-12-26,6207127,6212625,5970000,6083304,
2023-12-27,6083304,6184000,6021904,6149026,
2023-12-28,6149026,6192500,5975381,6039995,
2023-12-29,6039995,6123181,5865320,5969262,
2023-12-30,5971233,6017000,5880000,5955539,
2023-12-31,5955539,6050000,5928900,5988801,
2024-01-01,5988801,6236658,5976386,6236658,
2024-01-02,6236658,6503332,6233309,6392181,
2024-01-03,6394033,6473625,5898000,6150340,
2024-01-04,6150340,6464700,6130000,6390567,
2024-01-05,6390567,6435182,6218720,6386700,
2024-01-06,6386700,6395000,6294957,6364404,
2024-01-07,6364471,6435787,6327273,6374571,
2024-01-08,6374571,6801850,6250500,6752383,
2024-01-09,6752847,6900000,6500000,6667290,
2024-01-10,6667290,6949350,6450000,6802415,
2024-01-11,6802415,7150000,6650857,6737219,
2024-01-12,6737219,6766663,6028372,6229095,
2024-01-13,6229095,6287057,6161815,6226365,
2024-01-14,6226365,6245997,6051956,6058594,
2024-01-15,6058594,6316585,6054883,6204608,
2024-01-16,6204608,6414000,6178219,6355086,
2024-01-17,6355086,6367403,6269069,6334388,
2024-01-18,6334388,6355032,6028372,6140557,
2024-01-19,6141083,6248155,5980311,6170700,
2024-01-20,6170700,6194898,6140407,6172676,
2024-01-21,6172676,6201256,6147932,6156864,
2024-01-22,6156868,6172998,5860001,5875166,
2024-01-23,5875166,5969287,5720030,5930730,
2024-01-24,5930730,5997010,5840000,5923115,
2024-01-25,5923115,5953319,5850000,5906037,
2024-01-26,5906037,6252561,5400440,6195555,
2024-01-27,6195555,6248000,6132967,6236160,
2024-01-28,6236160,6339030,6172442,6228326,
2024-01-29,6228326,6389389,6195500,6380600,
2024-01-30,6380650,6467190,6300361,6340700,
2024-01-31,6335789,6407998,6223973,6268699,
2024-02-01,6268699,6333044,6157848,6310003,
2024-02-02,6310003,6446909,6300000,6406446,
2024-02-03,6406446,6430000,6360001,6373651,
2024-02-04,6373815,6399334,6292331,6327550,
2024-02-05,6327550,6465819,6283235,6355268,
2024-02-06,6355268,6418876,6331927,6373166,
2024-02-07,6373166,6573217,6336338,6554074,
2024-02-08,6554074,6807669,6552943,6754997,
2024-02-09,6754997,7148841,6754997,7027493,
2024-02-10,7027493,7150000,7000000,7112116,
2024-02-11,7112116,7224633,7085006,7200777,
2024-02-12,7200777,7455999,7102550,7448000,
2024-02-13,7448000,7500000,7256744,7477000,
2024-02-14,7477000,7835274,7418393,7804221,
2024-02-15,7805878,7920000,7700000,7788981,
2024-02-16,7788981,7909499,7767131,7847913,
2024-02-17,7847913,7850661,7604274,7768982,
2024-02-18,7768982,7855000,7695001,7827097,
2024-02-19,7827776,7870000,7780000,7787029,
2024-02-20,7787036,7944096,7631070,7838641,
2024-02-21,7838641,7853226,7624730,7797628,
2024-02-22,7797628,7820000,7680224,7729496,
2024-02-23,7729494,7759992,7616000,7653860,
2024-02-24,7653860,7782856,7624759,7761772,
2024-02-25,7761772,7806013,7722025,7780745,
2024-02-26,7777546,8277913,7683000,8200003,
2024-02-27,8200000,8660599,8200000,8588173,
2024-02-28,8587314,9660000,8540005,9426102,
2024-02-29,9428680,9535804,9055442,9176275,
2024-03-01,9176275,9470000,9140002,9376289,
2024-03-02,9376289,9384759,9260851,9303908,
2024-03-03,9303908,9483000,9245000,9476466,
2024-03-04,9476466,10290000,9395324,10261254,
2024-03-05,10265681,10340421,8980000,9596147,
2024-03-06,9596147,10125000,9430001,9879490,
2024-03-07,9879490,10070000,9763161,9900000,
2024-03-08,9900000,10300000,9768508,10052245,
2024-03-09,10052245,10105000,10018758,10084079,
2024-03-10,10084079,10287166,10060000,10147771,
2024-03-11,10147771,10690000,9901447,10581902,
2024-03-12,10581902,10783353,10167325,10568497,
2024-03-13,10568497,10898346,10543215,10813531,
2024-03-14,10813531,10902649,10250000,10655761,
2024-03-15,10660686,10770000,9744449,10365449,
2024-03-16,10365449,10442222,9680000,9724509,
2024-03-17,9722679,10267255,9620200,10190063,
2024-03-18,10190063,10271764,9924993,10076067,
2024-03-19,10076067,10142385,9300000,9351095,
2024-03-20,9351095,10300000,9205000,10227750,
2024-03-21,10227772,10280000,9800000,9935647,
2024-03-22,9935647,10104023,9463585,9696974,
2024-03-23,9696962,9995244,9561209,9704054,
2024-03-24,9704008,10210000,9670001,10153582,
2024-03-25,10153582,10771756,10040306,10564998,
2024-03-26,10564998,10810168,10502249,10609564,
2024-03-27,10609564,10842028,10338819,10529526,
2024-03-28,10529526,10810000,10437405,10722030,
2024-03-29,10722030,10737325,10486840,10617240,
2024-03-30,10617240,10669000,10545231,10555779,
2024-03-31,10555781,10800000,10555344,10799211,
2024-04-01,10791755,10791758,10360500,10576000,
2024-04-02,10576000,10578899,9808966,9972844,
2024-04-03,9975000,10173916,9838625,10026846,
2024-04-04,10026846,10499500,9901000,10377118,
2024-04-05,10377118,10388887,10029230,10292472,
2024-04-06,10292472,10555555,10248137,10438765,
2024-04-07,10443270,10658117,10434895,10533117,
2024-04-08,10533117,10999437,10483683,10876628,
2024-04-09,10876628,10889000,10338556,10511663,
2024-04-10,10511663,10854577,10309000,10796495,
2024-04-11,10796495,10905441,10672445,10741522,
2024-04-12,10741522,10905003,10158316,10357932,
2024-04-13,10357932,10466972,9464000,9957331,
2024-04-14,9952440,10130368,9530697,10119202,
2024-04-15,10122890,10313556,9700000,9852175,
2024-04-16,9852175,9988777,9587127,9917563,
2024-04-17,9917563,9999999,9285453,9485867,
2024-04-18,9485867,9924391,9404234,9830263,
2024-04-19,9830263,10138740,9174640,9881719,
2024-04-20,9881719,10119650,9770000,10047604,
2024-04-21,10047604,10168500,9935000,10047377,
2024-04-22,10047377,10410296,9995321,10365036,
2024-04-23,10365036,10417999,10184001,10298406,
2024-04-24,10298406,10396098,9887475,10003715,
2024-04-25,10003715,10154321,9782100,10039950,
2024-04-26,10039999,10155784,9960346,10093722,
2024-04-27,10093722,10110000,9914461,10037070,
2024-04-28,10037070,10165000,9962036,10009850,
2024-04-29,10009850,10098907,9643666,9974924,
2024-04-30,9974924,10130000,9400628,9618086,
2024-05-01,9618086,9644604,8822018,9127613,
2024-05-02,9127582,9173077,8938000,9057501,
2024-05-03,9057501,9698227,9035001,9628644,
2024-05-04,9628644,9885000,9594633,9786836,
2024-05-05,9786836,9884444,9636079,9840203,
2024-05-06,9841657,10083864,9668000,9756431,
2024-05-07,9756913,9946430,9661817,9670000,
2024-05-08,9670000,9795126,9470096,9521622,
2024-05-09,9521622,9856000,9454194,9803223,
2024-05-10,9803223,9890000,9388191,9500163,
2024-05-11,9500000,9596447,9430799,9496567,
2024-05-12,9496567,9643756,9462201,9594429,
2024-05-13,9594429,9907159,9490918,9840528,
2024-05-14,9840528,9872118,9586253,9656322,
2024-05-15,9656322,10289999,9616400,10221754,
2024-05-16,10221754,10309621,10035573,10163061,
2024-05-17,10163061,10483050,10150877,10443039,
2024-05-18,10439236,10482000,10378000,10432839,
2024-05-19,10432797,10534770,10270500,10341445,
2024-05-20,10341443,11161101,10324513,11147107,
2024-05-21,11147107,11200000,10800500,10968060,
2024-05-22,10968060,11050792,10836819,10857009,
2024-05-23,10857009,10980000,10436963,10689043,
2024-05-24,10689043,10865943,10480102,10737218,
2024-05-25,10741535,10919998,10733166,10881484,
2024-05-26,10881484,10897557,10708257,10747943,
2024-05-27,10747943,11081800,10725000,10897029,
2024-05-28,10897029,10924520,10594231,10758000,
2024-05-29,10757997,10854633,10611112,10674000,
2024-05-30,10674000,10894581,10570682,10740530,
2024-05-31,10740530,10840000,10500010,10642811,
2024-06-01,10642155,10686995,10615646,10664646,
2024-06-02,10664646,10753000,10600001,10658890,
2024-06-03,10658890,11005800,10645046,10761335,
2024-06-04,10761335,10990000,10682350,10935000,
2024-06-05,10935000,11198947,10935000,11098616,
2024-06-06,11098616,11179997,10940746,11046503,
2024-06-07,11037833,11242286,10767530,10929823,
2024-06-08,10929823,10941203,10888184,10899737,
2024-06-09,10899493,10956368,10850000,10932670,
2024-06-10,10932670,11011192,10882631,10944373,
2024-06-11,10944373,10958000,10419159,10618165,
2024-06-12,10618000,10924520,10543331,10730709,
2024-06-13,10730709,10747610,10412670,10516611,
2024-06-14,10516611,10637493,10234450,10405492,
2024-06-15,10405492,10469114,10380000,10429274,
2024-06-16,10429274,10557023,10405965,10519831,
2024-06-17,10519831,10620000,10296561,10499132,
2024-06-18,10499049,10507641,10136893,10292731,
2024-06-19,10292731,10400000,10243200,10284994,
2024-06-20,10284994,10538385,10267481,10328515,
2024-06-21,10328515,10355947,10100000,10254004,
2024-06-22,10254004,10314604,10224704,10284188,
2024-06-23,10284188,10314200,10119800,10126429,
2024-06-24,10126785,10145228,9351398,9644706,
2024-06-25,9644702,9946181,9625712,9886249,
2024-06-26,9885732,9999500,9778823,9788820,
2024-06-27,9788820,10021466,9740998,9919140,
2024-06-28,9919140,10046476,9671749,9732520,
2024-06-29,9732520,9862640,9726707,9823684,
2024-06-30,9823684,10129014,9770048,10102372,
2024-07-01,10102372,10309403,10070372,10163457,
2024-07-02,10163457,10235888,9989521,10037324,
2024-07-03,10037324,10064888,9616390,9737259,
2024-07-04,9737259,9779436,9154994,9219590,
2024-07-05,9219591,9274745,8625399,9129741,
2024-07-06,9129741,9427383,9016731,9394021,
2024-07-07,9394021,9413514,8956000,8982000,
2024-07-08,8981998,9396294,8727949,9132883,
2024-07-09,9132883,9404926,9067195,9376942,
2024-07-10,9376942,9613533,9246456,9342319,
2024-07-11,9342319,9580000,9055555,9089342,
2024-07-12,9091322,9254919,9013359,9160036,
2024-07-13,9160036,9460765,9138343,9359801,
2024-07-14,9359801,9712642,9359801,9635398,
2024-07-15,9635398,10260000,9613763,10237620,
2024-07-16,10237570,10330000,9889905,10294192,
2024-07-17,10294192,10477865,9978074,9980003,
2024-07-18,9979081,10193972,9950500,10074861,
2024-07-19,10074861,10588888,9950000,10479830,
2024-07-20,10479830,10624325,10406027,10567845,
2024-07-21,10567845,10767318,10380000,10728971,
2024-07-22,10731117,10787000,10431778,10614343,
2024-07-23,10614343,10639299,10200000,10284304,
2024-07-24,10284705,10323307,10014145,10067847,
2024-07-25,10067847,10205000,9715000,10130017,
2024-07-26,10130017,10488614,10118116,10447160,
2024-07-27,10447055,10685000,10238801,10436150,
2024-07-28,10436150,10531600,10304145,10527356,
2024-07-29,10525800,10777000,10250000,10289525,
2024-07-30,10289525,10399922,10018002,10119525,
2024-07-31,10119525,10184874,9674509,9692633,
2024-08-01,9692905,9817617,9328857,9765087,
2024-08-02,9765087,9791426,8969797,9011276,
2024-08-03,9011276,9143728,8787878,8923740,
2024-08-04,8923740,8983101,8390596,8464575,
2024-08-05,8464575,8500000,7000000,7893967,
2024-08-06,7896110,8292691,7850700,8124915,
2024-08-07,8124915,8519088,7985055,8070763,
2024-08-08,8070763,9250000,7981213,9130961,
2024-08-09,9130961,9136413,8718083,8943614,
2024-08-10,8943614,9025375,8850151,8944273,
2024-08-11,8944273,9070000,8550333,8636938,
2024-08-12,8636938,8977000,8487397,8741322,
2024-08-13,8741322,9047800,8647823,8907198,
2024-08-14,8907198,9078000,8630497,8668372,
2024-08-15,8668372,8930175,8400600,8602408,
2024-08-16,8602408,8840000,8520000,8698961,
2024-08-17,8698982,8817552,8692640,8788726,
2024-08-18,8788726,8907200,8658219,8661158,
2024-08-19,8661158,8761443,8480000,8740880,
2024-08-20,8740880,9049999,8560008,8602379,
2024-08-21,8602379,8974000,8576282,8881700,
2024-08-22,8881700,8992690,8702480,8847856,
2024-08-23,8847856,9393939,8837269,9263362,
2024-08-24,9263362,9333333,9190103,9276027,
2024-08-25,9277031,9350049,9220500,9254583,
2024-08-26,9254583,9285344,9089560,9098214,
2024-08-27,9098213,9179847,8388604,8592112,
2024-08-28,8590226,8734675,8386821,8547962,
2024-08-29,8547962,8900000,8538612,8637601,
2024-08-30,8637601,8724779,8457310,8659068,
2024-08-31,8659068,8703581,8604308,8636977,
2024-09-01,8636977,8654000,8385000,8406040,
2024-09-02,8406040,8745780,8378084,8691389,
2024-09-03,8691389,8795952,8370000,8383220,
2024-09-04,8383220,8465281,8083572,8327846,
2024-09-05,8327846,8393367,8000500,8074604,
2024-09-06,8075056,8186303,7505000,7708360,
2024-09-07,7708381,7838118,7671634,7726037,
2024-09-08,7726037,7884853,7648000,7831878,
2024-09-09,7831878,8330000,7815766,8189815,
2024-09-10,8189815,8270000,8064100,8212073,
2024-09-11,8212073,8260098,7863890,8190249,
2024-09-12,8190285,8361789,8158045,8246595,
2024-09-13,8246595,8555772,8125000,8537506,
2024-09-14,8537506,8548000,8381100,8467149,
2024-09-15,8467149,8517118,8281721,8341997,
2024-09-16,8341997,8345749,8092829,8209820,
2024-09-17,8209820,8700000,8109979,8568000,
2024-09-18,8568000,8836978,8413201,8827223,
2024-09-19,8827223,9132052,8820000,9002995,
2024-09-20,9002995,9208871,8920000,9103959,
2024-09-21,9103959,9150500,9041053,9124094,
2024-09-22,9124094,9203652,8969001,9155003,
2024-09-23,9155003,9333333,9020000,9107198,
2024-09-24,9107198,9260868,9009840,9202239,
2024-09-25,9202239,9298000,9119262,9152607,
2024-09-26,9152607,9534775,9093564,9466105,
2024-09-27,9466105,9605584,9334277,9371940,
2024-09-28,9371940,9442058,9308461,9374060,
2024-09-29,9374060,9400000,9320000,9377946,
2024-09-30,9377946,9381743,9046000,9118859,
2024-10-01,9118859,9277754,8652768,8765685,
2024-10-02,8765685,9118800,8750000,8905819,
2024-10-03,8905819,9047931,8800005,8935519,
2024-10-04,8935519,9312592,8892124,9238402,
2024-10-05,9238500,9286235,9177734,9245944,
2024-10-06,9245944,9380000,9200005,9357245,
2024-10-07,9357245,9556789,9202815,9229155,
2024-10-08,9229155,9380537,9178797,9218168,
2024-10-09,9218168,9317638,9017847,9059346,
2024-10-10,9059346,9151173,8771944,8980072,
2024-10-11,8980072,9457025,8932604,9321120,
2024-10-12,9321120,9462115,9319375,9428983,
2024-10-13,9428983,9438912,9258118,9389867,
2024-10-14,9394012,9940000,9322618,9882117,
2024-10-15,9882117,10155554,9650716,9999525,
2024-10-16,9999525,10221273,9957111,10127503,
2024-10-17,10127503,10170000,9989301,10122579,
2024-10-18,10122579,10331496,10080698,10252097,
2024-10-19,10255972,10288217,10178748,10238550,
2024-10-20,10238550,10370341,10192251,10334731,
2024-10-21,10334731,10389236,10052488,10158187,
2024-10-22,10158196,10250000,10050000,10198945,
2024-10-23,10198945,10259000,9956308,10185579,
2024-10-24,10185579,10448370,10151137,10358585,
2024-10-25,10358585,10450000,10000825,10162897,
2024-10-26,10163021,10262041,10125300,10217828,
2024-10-27,10217828,10429790,10195799,10397370,
2024-10-28,10397370,10750000,10376337,10702191,
2024-10-29,10702199,11285300,10663300,11145982,
2024-10-30,11145982,11188888,10932471,11088574,
2024-10-31,11088574,11135687,10579540,10689007,
2024-11-01,10689006,10958792,10477334,10654470,
2024-11-02,10654470,10715000,10580000,10636212,
2024-11-03,10636213,10639999,10334401,10492712,
2024-11-04,10492712,10555555,10185257,10346725,
2024-11-05,10346725,10744300,10290778,10530201,
2024-11-06,10530201,11807000,10516600,11670030,
2024-11-07,11670030,11757777,11445004,11637880,
2024-11-08,11637880,11814061,11577682,11703600,
2024-11-09,11703600,11753500,11591400,11716715,
2024-11-10,11716715,12448443,11693700,12307977,
2024-11-11,12307982,13818910,12297997,13653261,
2024-11-12,13653291,13900000,13020000,13622144,
2024-11-13,13622144,14500000,13406500,14083740,
2024-11-14,14083740,14319999,13589000,13691254,
2024-11-15,13691254,14168888,13631620,14042642,
2024-11-16,14042642,14149990,13901124,13974056,
2024-11-17,13974056,14100000,13719650,13904081,
2024-11-18,13904081,14354440,13837083,14009003,
2024-11-19,14009003,14540000,13985200,14322000,
2024-11-20,14328888,14766978,14214135,14677833,
2024-11-21,14677833,15300000,14623203,15195295,
2024-11-22,15195295,15429999,15070000,15331921,
2024-11-23,15331921,15337799,15090000,15147492,
2024-11-24,15147492,15277960,14756379,15115502,
2024-11-25,15119994,15322310,14217000,14373792,
2024-11-26,14373789,14675000,13923956,14098888,
2024-11-27,14098888,14749145,14050000,14556492,
2024-11-28,14556492,14695000,14382421,14505064,
2024-11-29,14504932,14864795,14364700,14629999,
2024-11-30,14628590,14630000,14421233,14468396,
2024-12-01,14468396,14650000,14369984,14560801,
2024-12-02,14560801,14775600,14157473,14358983,
2024-12-03,14358983,14453139,13864302,14366628,
2024-12-04,14366545,14927790,14243000,14845928,
2024-12-05,14846123,15596428,14318708,14606247,
2024-12-06,14606247,15309453,14526524,14982314,
2024-12-07,14982314,15099998,14874687,14997862,
2024-12-08,14997862,15199700,14818924,15160241,
2024-12-09,15160241,15165000,14309829,14754096,
2024-12-10,14747138,14919999,14340000,14672320,
2024-12-11,14672320,15530000,14535001,15385298,
2024-12-12,15385299,15599999,15157395,15273682,
2024-12-13,15273682,15662002,15172007,15578399,
2024-12-14,15578399,15780000,15465895,15586717,
2024-12-15,15586717,16143204,15563582,16032922,
2024-12-16,16032922,16626530,15939212,16358615,
2024-12-17,16358615,16657351,16200000,16327300,
2024-12-18,16327300,16390251,15485880,15528342,
2024-12-19,15528277,16160000,15085055,15392685,
2024-12-20,15392685,15468499,14490002,15345003,
2024-12-21,15345003,15650961,15105366,15221576,
2024-12-22,15225274,15254552,14780001,14931437,
2024-12-23,14931437,15160837,14554514,14920203,
2024-12-24,14920203,15655555,14708858,15507649,
2024-12-25,15507649,15650000,15360000,15614660,
2024-12-26,15614605,15699999,14987135,15126448,
2024-12-27,15126448,15416193,14759783,14903599,
2024-12-28,14903599,15105262,14880000,15052152,
2024-12-29,15052152,15052152,14670000,14789686,
2024-12-30,14789686,14928800,14338636,14568223,
2024-12-31,14568223,15087000,14400000,14730000,
2025-01-01,14730000,14949985,14666635,14893522,
2025-01-02,14899182,15416640,14850000,15269076,
2025-01-03,15269076,15534769,15111111,15439845,
2025-01-04,15439845,15511551,15343752,15440000,
2025-01-05,15440000,15528892,15312178,15459997,
2025-01-06,15459997,16145858,15425948,16134861,
2025-01-07,16134833,16238490,15200500,15373354,
2025-01-08,15373354,15406696,14700000,15078932,
2025-01-09,15078932,15113832,14470133,14656100,
2025-01-10,14660000,15135000,14544320,14986696,
2025-01-11,14986696,15011068,14835900,14946800,
2025-01-12,14946800,15068289,14805001,14936185,
2025-01-13,14936185,15158780,14100000,14893054,
2025-01-14,14893054,15403150,14857837,15278596,
2025-01-15,15278596,15754899,15158250,15709038,
2025-01-16,15709038,15761019,15214300,15552545,
2025-01-17,15557021,16555364,15531755,16266713,
2025-01-18,16266713,16425267,15981000,16344996,
2025-01-19,16344996,16630000,15606600,15857556,
2025-01-20,15857556,17057184,15572596,15919213,
2025-01-21,15919246,16685404,15631442,16541838,
2025-01-22,16541838,16555825,16200080,16255916,
2025-01-23,16255916,16700000,15874003,16254449,
2025-01-24,16254449,16680000,16090161,16372294,
2025-01-25,16372294,16446899,16278496,16365352,
2025-01-26,16365352,16458888,16000000,16017174,
2025-01-27,16017010,16127995,15168445,15860769,
2025-01-28,15860726,16164668,15596922,15805808,
2025-01-29,15805808,16310091,15788888,16129988,
2025-01-30,16129988,16405000,16029416,16171635,
2025-01-31,16171635,16395001,15780000,15939262,
2025-02-01,15939262,15985555,15584832,15644276,
2025-02-02,15644276,15788750,14954800,15220023,
2025-02-03,15220023,15880668,14310385,15774808,
2025-02-04,15774808,15826597,14865547,15118890,
2025-02-05,15120552,15243467,14708565,14783999,
2025-02-06,14783999,15169100,14520010,14639496,
2025-02-07,14635198,15233161,14510000,14666969,
2025-02-08,14659465,14704000,14521643,14639692,
2025-02-09,14639685,14771663,14384908,14687528,
2025-02-10,14687528,14975133,14519626,14828107,
2025-02-11,14827500,14999958,14481300,14664711,
2025-02-12,14666220,15148780,14552537,15101571,
2025-02-13,15100843,15148764,14600000,14818100,
2025-02-14,14818100,15079679,14700000,14878310,
2025-02-15,14878310,14950000,14840300,14901060,
2025-02-16,14901060,14917667,14656397,14657488,
2025-02-17,14657488,14729999,14450001,14541337,
2025-02-18,14541337,14690937,14218100,14542764,
2025-02-19,14540206,14685780,14460000,14647963,
2025-02-20,14647963,14818400,14519801,14731119,
2025-02-21,14731119,15000770,14171300,14410029,
2025-02-22,14410029,14517057,14350000,14438235,
2025-02-23,14438235,14456841,14232630,14412421,
2025-02-24,14412421,14440854,13706908,13742725,
2025-02-25,13742725,13894365,12816176,13217946,
2025-02-26,13220149,13371347,12221984,12531514,
2025-02-27,12526952,13065149,12382410,12715925,
2025-02-28,12719433,12800000,11810835,12702441,
2025-03-01,12701561,13062588,12632312,12987782,
2025-03-02,12987782,14339299,12829001,14244319,
2025-03-03,14244319,14263884,12737927,12924071,
2025-03-04,12926077,13361285,12122325,13100915,
2025-03-05,13103249,13615000,12962547,13529718,
2025-03-06,13524877,13880700,13004612,13372101,
2025-03-07,13372101,13525099,12575734,12870050,
2025-03-08,12869281,12893206,12649936,12775780,
2025-03-09,12776094,12819796,11837312,11943500,
2025-03-10,11944016,12383584,11450001,11572809,
2025-03-11,11588965,12386573,11248494,12309997,
2025-03-12,12309997,12600000,11991381,12444908,
2025-03-13,12444908,12529897,11831379,12034297,
2025-03-14,12034297,12707596,11983100,12510716,
2025-03-15,12510005,12629896,12472303,12574174,
2025-03-16,12574174,12661808,12219125,12311406,
2025-03-17,12318489,12670874,12300220,12581621,
2025-03-18,12581621,12584687,12137238,12385700,
2025-03-19,12384402,12944850,12360000,12924371,
2025-03-20,12914273,12995000,12459101,12530327,
2025-03-21,12529858,12691876,12400148,12560399,
2025-03-22,12560399,12625000,12504244,12527127,
2025-03-23,12527127,12893672,12524457,12893672,
2025-03-24,12893357,13354596,12831091,13211346,
2025-03-25,13209254,13284493,13023579,13128878,
2025-03-26,13129193,13304697,12936691,13100099,
2025-03-27,13105478,13259396,12942499,13173098,
2025-03-28,13173098,13217650,12546989,12666494,
2025-03-29,12666494,12693130,12245305,12400299,
2025-03-30,12395011,12530000,12225816,12336529,
2025-03-31,12342458,12581030,12138169,12398647,
2025-04-01,12395198,12821705,12323044,12775000,
2025-04-02,12775000,13293522,12201832,12219998,
2025-04-03,12215000,12429122,11832901,12176042,
2025-04-04,12180600,12460000,11822124,12313000,
2025-04-05,12313000,12370257,12104301,12280000,
2025-04-06,12276880,12308692,11175223,11400000,
2025-04-07,11406898,11999999,10800000,11700455,
2025-04-08,11700200,11936899,11117601,11127055,
2025-04-09,11127722,12369400,10853825,12186600,
2025-04-10,12178491,12209104,11324955,11451630,
2025-04-11,11444313,12150403,11331017,11975718,
2025-04-12,11976300,12330182,11892979,12244500,
2025-04-13,12244500,12337898,11940683,12042303,
2025-04-14,12042303,12309997,11992241,12129742,
2025-04-15,12136855,12382897,11988900,11996885,
2025-04-16,11996885,12205692,11841821,11947675,
2025-04-17,11947675,12201700,11919300,12105900,
2025-04-18,12105900,12140648,12021903,12042769,
2025-04-19,12042769,12190600,12021934,12118500,
2025-04-20,12118500,12149200,11960702,12079399,
2025-04-21,12080000,12470000,12057728,12351665,
2025-04-22,12352263,13398800,12305811,13347271,
2025-04-23,13351977,13517998,13105566,13439513,
2025-04-24,13439513,13456713,13101000,13451989,
2025-04-25,13451999,13807628,13303938,13628340,
2025-04-26,13628340,13700000,13520293,13619397,
2025-04-27,13619998,13708000,13476586,13498513,
2025-04-28,13498515,13728900,13336004,13548445,
2025-04-29,13548445,13615722,13373556,13440709,
2025-04-30,13440535,13648000,13293053,13504406,
2025-05-01,13504288,14196738,13491380,14061972,
2025-05-02,14065637,14199000,13950005,14083900,
2025-05-03,14083900,14091323,13936650,13955186,
2025-05-04,13955186,14003397,13650445,13676700,
2025-05-05,13670592,13754876,13468000,13638499,
2025-05-06,13638499,13886000,13317000,13873792,
2025-05-07,13877111,14040001,13751303,13977250,
2025-05-08,13977442,15180000,13949500,15072003,
2025-05-09,15075585,15162530,14866023,14976400,
2025-05-10,14976400,15258668,14955300,15244997,
2025-05-11,15245220,15298500,15040400,15203570,
2025-05-12,15203250,15591658,14973989,15264453,
2025-05-13,15262000,15475000,15024000,15384700,
2025-05-14,15379244,15387903,15060300,15196000,
2025-05-15,15196000,15250000,14823928,15132548,
2025-05-16,15132548,15286298,15016851,15113200,
2025-05-17,15114794,15145861,15001000,15061376,
2025-05-18,15061376,15492000,15058003,15480397,
2025-05-19,15480396,15550000,14833923,15326916,
2025-05-20,15320001,15513130,15125300,15424964,
2025-05-21,15429585,15905014,15270000,15746684,
2025-05-22,15758942,16149482,15665273,16078848,
2025-05-23,16078836,16089699,15250000,15314733,
2025-05-24,15311212,15632899,15251301,15405299,
2025-05-25,15404332,15633148,15229500,15599004,
2025-05-26,15605999,15797499,15542231,15637799,
2025-05-27,15637585,15952800,15337091,15723700,
2025-05-28,15710016,15805097,15507077,15718300,
2025-05-29,15720000,15834758,15188428,15209502,
2025-05-30,15202281,15332958,14942301,14997100,
2025-05-31,14988000,15152216,14873062,15107797,
2025-06-01,15110657,15258598,14974800,15221000,
2025-06-02,15222800,15223600,14826400,15095901,
2025-06-03,15095901,15390522,15000717,15179634,
2025-06-04,15179634,15316900,14950000,14973796,
2025-06-05,14969811,15212838,14437033,14606594,
2025-06-06,14606594,15287590,14550213,15105900,
2025-06-07,15105900,15333900,15047100,15285596,
2025-06-08,15288167,15405397,15202085,15294972,
2025-06-09,15296914,15926560,15227205,15909519,
2025-06-10,15909999,15960000,15706587,15955279,
2025-06-11,15953206,15998500,15625540,15690000,
2025-06-12,15690000,15716825,15161389,15161389,
2025-06-13,15161629,15313697,14740001,15300933,
2025-06-14,15304014,15317363,15053801,15208100,
2025-06-15,15208100,15301625,15078685,15285560,
2025-06-16,15285543,15753651,15158000,15448197,
2025-06-17,15452726,15630076,15032100,15231838,
2025-06-18,15231880,15333381,15025187,15221893,
2025-06-19,15221893,15315467,15150300,15212999,
2025-06-20,15214998,15506300,14964200,15127000,
2025-06-21,15127168,15226392,14774001,14946944,
2025-06-22,14954309,15123532,14375000,14784785,
2025-06-23,14775801,15456784,14610000,15373869,
2025-06-24,15373857,15388500,15207774,15379000,
2025-06-25,15380000,15750000,15353300,15559403,
2025-06-26,15559403,15692000,15418008,15495895,
2025-06-27,15492394,15587792,15420000,15513136,
2025-06-28,15513136,15589997,15484157,15548193,
2025-06-29,15548193,15705433,15516607,15660586,
2025-06-30,15668523,15729799,15425469,15440548,
2025-07-01,15440555,15482700,15132781,15184079,
2025-07-02,15175000,15748499,15119651,15586407,
2025-07-03,15586407,15985894,15580000,15832897,
2025-07-04,15832897,15858606,15531400,15644400,
2025-07-05,15644400,15691182,15606150,15658100,
2025-07-06,15660000,15850000,15607003,15791070,
2025-07-07,15791069,15890000,15700371,15801475,
2025-07-08,15806024,16017400,15728401,15995471,
2025-07-09,15995471,16324009,15905000,16230000,
2025-07-10,16234090,17000000,16150501,16892584,
2025-07-11,16889146,17468200,16822796,17273796,
2025-07-12,17273796,17381192,17233216,17280612,
2025-07-13,17280612,17557828,17265000,17518992,
2025-07-14,17522138,18122222,17470104,17712024,
2025-07-15,17707608,17713732,17175798,17525000,
2025-07-16,17525364,17785144,17440916,17584740,
2025-07-17,17583958,17958600,17488882,17702168,
2025-07-18,17693752,17979500,17387796,17573560,
2025-07-19,17573560,17661300,17490548,17564596,
2025-07-20,17570602,17699980,17335968,17438800,
2025-07-21,17430000,17729900,17218560,17336494,
2025-07-22,17336494,17644100,17178466,17617100,
2025-07-23,17617680,17617680,17211112,17399100,
2025-07-24,17399100,17549064,17166392,17396400,
2025-07-25,17405000,17436260,16943736,17371204,
2025-07-26,17366996,17470000,17301324,17420894,
2025-07-27,17420894,17689600,17404442,17641302,
2025-07-28,17644668,17719988,17466604,17550000,
2025-07-29,17550000,17748150,17403106,17529300,
2025-07-30,17527300,17691896,17340508,17590488,
2025-07-31,17590492,17894300,17450000,17483524,
2025-08-01,17480286,17525000,16628544,16728000,
2025-08-02,16726308,16860482,16532600,16620896,
2025-08-03,16620896,16944142,16540000,16858596,
2025-08-04,16859948,17035000,16807780,16912998,
2025-08-05,16911272,17009572,16595170,16850052,
2025-08-06,16850052,17035000,16722900,16936600,
2025-08-07,16936600,17303000,16855200,17259496,
2025-08-08,17260000,17344788,17142066,17231300,
2025-08-09,17231300,17395378,17200000,17223538,
2025-08-10,17223538,17616764,17222036,17608900,
2025-08-11,17608900,18005000,17540400,17595224,
2025-08-12,17595224,17787200,17567000,17753764,
2025-08-13,17750252,18197598,17615000,18153700,
2025-08-14,18154998,18243600,17372300,17519464,
2025-08-15,17523578,17593600,17201800,17320506,
2025-08-16,17324618,17399500,17290000,17318800,
2025-08-17,17318800,17492560,17290040,17328368,
2025-08-18,17322200,17367152,16926516,17217380,
2025-08-19,17218540,17264712,16645300,16695891,
2025-08-20,16697402,16911496,16575135,16876864,
2025-08-21,16865000,16948068,16630001,16708324,
2025-08-22,16708324,17235220,16624595,17175804,
2025-08-23,17174288,17189984,16830958,16964300,
2025-08-24,16961200,16995296,16400000,16730200,
2025-08-25,16725648,16766632,16170398,16299297,
2025-08-26,16294016,16588216,16024488,16499497,
2025-08-27,16499497,16680635,16346500,16403738,
2025-08-28,16408687,16725552,16372093,16560410,
2025-08-29,16560410,16562700,15835450,15973957,
2025-08-30,15970000,16043961,15820221,16028892,
2025-08-31,16031946,16123387,15928337,15950019,
2025-09-01,15953231,16182872,15791463,16088771,
2025-09-02,16077326,16550000,16053504,16537292,
2025-09-03,16540000,16678662,16450000,16549099,
2025-09-04,16549099,16620800,16275615,16447367,
2025-09-05,16451612,16764964,16236300,16325477,
2025-09-06,16325477,16434200,16235720,16263027,
2025-09-07,16265785,16569749,16264100,16492410,
2025-09-08,16492410,16672875,16406260,16530952,
2025-09-09,16531520,16687999,16333000,16450037,
2025-09-10,16450037,16861044,16371925,16809300,
2025-09-11,16809300,17016700,16750975,17014000,
2025-09-12,17020000,17243494,16992134,17150000,
2025-09-13,17146548,17191600,17012800,17132100,
2025-09-14,17132100,17170000,17027000,17064224,
2025-09-15,17045478,17230524,16876220,17021688,
2025-09-16,17022304,17150732,16871436,17116964,
2025-09-17,17118000,17219800,16820000,17119600,
2025-09-18,17123848,17470000,17075000,17338196,
2025-09-19,17338196,17413452,17060012,17142500,
2025-09-20,17143910,17209748,17110240,17148600,
2025-09-21,17148600,17173182,17069000,17090308,
2025-09-22,17090308,17116996,16577444,16684495,
2025-09-23,16682374,16760000,16484436,16558397,
2025-09-24,16558397,16978700,16491364,16879096,
2025-09-25,16879096,16902460,16300050,16362198,
2025-09-26,16362198,16528168,16299270,16434392,
2025-09-27,16434241,16450000,16340919,16412519,
2025-09-28,16409726,16809784,16365000,16776625,
2025-09-29,16766914,17025274,16615666,17016168,
2025-09-30,17016126,17092980,16688000,16895000,
2025-10-01,16890556,17450632,16847428,17450000,
2025-10-02,17450000,17803400,17419960,17740000,
2025-10-03,17740000,18272896,17611000,18011088,
2025-10-04,18011900,18137160,17945612,18066604,
2025-10-05,18066604,18500000,18030002,18473600,
2025-10-06,18473000,18950000,18434660,18759800,
2025-10-07,18753210,18896200,18302168,18482000,
2025-10-08,18477000,18975000,18471220,18836738,
2025-10-09,18836738,18927874,18355900,18641178,
2025-10-10,18648704,18725000,16150012,17184678,
2025-10-11,17180000,17233740,16738800,16924508,
2025-10-12,16924508,17666666,16700000,17543152,
2025-10-13,17545880,17672500,17322636,17578034,
2025-10-14,17580110,17637036,16750000,17191864,
2025-10-15,17190572,17205800,16693472,16761561,
2025-10-16,16761561,16976396,16200000,16289730,
2025-10-17,16289730,16441000,15557928,16101403,
2025-10-18,16090108,16250000,16074771,16194829,
2025-10-19,16194572,16546000,16024397,16439500,
2025-10-20,16443885,16860400,16229397,16704395,
2025-10-21,16704395,17317100,16276203,16458015,
2025-10-22,16461240,16594300,16241000,16369483,
2025-10-23,16369483,17000000,16369483,16822298,
2025-10-24,16821064,17113344,16781452,16982124,
2025-10-25,16982124,17130000,16942500,17085796,
2025-10-26,17085796,17589820,17031700,17520248,
2025-10-27,17530000,17812730,17400100,17440528,
2025-10-28,17431000,17686184,17100000,17159564,
2025-10-29,17147600,17320000,16762782,16835196,
2025-10-30,16829012,17164612,16400000,16693527,
2025-10-31,16693292,17105000,16690711,16896092,
2025-11-01,16896092,17043600,16870000,16970464,
2025-11-02,16970464,17123596,16890000,17066400,
2025-11-03,17056788,17088748,16246839,16444764,
2025-11-04,16442793,16577711,15201000,15605203,
2025-11-05,15590225,16140000,15157958,16032813,
2025-11-06,16032813,16068000,15370036,15511961,
2025-11-07,15521054,15977700,15212565,15850000,
2025-11-08,15849704,15862688,15583927,15725599,
2025-11-09,15725599,16221799,15590595,16128997,
2025-11-10,16120846,16443710,16050000,16357386,
2025-11-11,16354005,16606750,15806340,15900023,
2025-11-12,15900023,16321379,15615367,15740849,
2025-11-13,15747303,16134999,15155891,15429064,
2025-11-14,15427130,15456716,14540900,14651390,
2025-11-15,14651144,14981046,14651144,14786318,
2025-11-16,14786318,14948697,14380000,14582498,
2025-11-17,14583208,14873997,14200124,14322559,
2025-11-18,14322559,14604364,13852300,14468245,
2025-11-19,14468245,14478927,13916588,14383209,
2025-11-20,14383209,14694100,13585000,13645624,
2025-11-21,13635381,13779997,12635000,13322128,
2025-11-22,13322128,13386793,13070000,13261088,
2025-11-23,13261088,13801852,13251463,13617986,
2025-11-24,13617986,13990325,13388315,13859341,
2025-11-25,13858917,13895746,13446007,13655151,
2025-11-26,13655313,14190755,13530000,14160042,
2025-11-27,14152668,14398963,14081801,14293726,
2025-11-28,14295830,14546605,14117442,14225744,
2025-11-29,14225744,14260000,14110000,14208947,
2025-11-30,14208947,14398172,14110000,14110000,
2025-12-01,14102498,14124500,13011111,13440400,
2025-12-02,13440400,14404000,13427921,14225307,
2025-12-03,14225307,14642154,14178560,14515600,
2025-12-04,14507586,14649300,14107600,14302930,
2025-12-05,14306058,14402236,13711501,13892189,
2025-12-06,13890256,14043912,13832190,13871477,
2025-12-07,13878788,14264998,13643500,14071562,
2025-12-08,14056106,14363433,13973233,14140000,
2025-12-09,14140000,14843360,13996776,14531600,
2025-12-10,14531600,14745000,14340000,14357207,
2025-12-11,14357670,14573480,13872697,14401975,
2025-12-12,14401975,14476200,13970000,14097229,
2025-12-13,14097229,14155391,14014801,14088264,
2025-12-14,14088264,14137625,13662200,13757064,
2025-12-15,13760248,14026955,13254324,13418715,
2025-12-16,13418715,13647400,13228668,13613962,
2025-12-17,13598640,14054189,13292902,13418397,
2025-12-18,13418397,13918458,13151483,13316307,
2025-12-19,13309603,14064700,13270000,13908800,
2025-12-20,13901513,13965599,13868000,13931315,
2025-12-21,13931315,14050000,13805556,13973512,
2025-12-22,13973512,14256469,13811559,13904199,
2025-12-23,13916362,13955699,13562300,13675301,
2025-12-24,13675301,13740599,13490880,13682607,
2025-12-25,13682607,13848798,13574800,13624420,
2025-12-26,13624420,14003752,13564001,13687598,
2025-12-27,13690388,13771282,13669500,13757461,
2025-12-28,13757461,13778934,13690000,13758071,
2025-12-29,13762000,14138395,13579877,13624070,
2025-12-30,13610000,13946340,13583194,13831702,
2025-12-31,13830300,13915300,13633678,13680099,
2026-01-01,13680298,13915800,13676329,13891346,
2026-01-02,13884037,14174404,13806729,14069200,
2026-01-03,14069200,14177660,13965700,14157000,
2026-01-04,14157000,14349000,14157000,14346276,
2026-01-05,14336479,14804132,14325678,14711251,
2026-01-06,14711251,14782000,14310292,14695136,
2026-01-07,14695136,14700000,14215902,14336332,
2026-01-08,14325677,14367579,14019589,14288621,
2026-01-09,14288620,14546268,14147563,14316883,
2026-01-10,14316883,14344040,14280950,14296048,
2026-01-11,14296048,14402617,14266759,14377255,
2026-01-12,14383350,14596456,14233562,14411570,
2026-01-13,14405961,15280213,14404736,15180973,
2026-01-14,15180973,15514440,15003001,15367074,
2026-01-15,15366480,15453817,15106325,15181572,
2026-01-16,15181572,15219290,14930000,15120846,
2026-01-17,15120846,15142860,15045225,15064565,
2026-01-18,15064565,15100000,14750500,14770414,
2026-01-19,14762826,14777317,14527787,14661152,
2026-01-20,14661152,14698700,14327566,14365204,
